Customer ID,Avg_Discount,Total_Sales,Total_Profit,Order_Count,prediction
RR-19315,0.275,615.932,-73.83500000000001,2,2
VW-21775,0.1611111111111111,6134.0380000000005,-874.6645,10,1
PB-19210,0.1,132.738,21.897000000000002,2,0
MY-17380,0.3076923076923077,2254.285,319.12109999999996,7,2
EM-13960,0.2333333333333333,933.704,102.29599999999999,5,2
MS-17530,0.15714285714285717,475.656,84.0268,4,0
SW-20275,0.028571428571428574,1966.6499999999999,332.8725,6,0
BD-11500,0.13499999999999998,4411.2429999999995,1142.1225,6,1
KH-16630,0.10588235294117647,3918.966,727.3786,9,1
AH-10690,0.21739130434782614,7888.293999999999,1298.0166,12,3
JF-15415,0.07142857142857142,2371.4480000000003,635.6376000000001,6,0
JF-15490,0.14666666666666667,1082.918,-18.067300000000017,11,1
PH-18790,0.2,729.648,47.8878,1,2
PW-19240,0.1708333333333333,3922.415,1290.354,7,1
IM-15070,0.16666666666666666,4930.474,514.6526999999999,7,1
OT-18730,0.15999999999999998,3818.6240000000007,-925.1202999999999,5,2
KF-16285,0.03333333333333334,10604.266,1660.1386,7,3
KD-16615,0.10769230769230768,2243.5099999999998,539.7219,5,0
NW-18400,0.21363636363636368,7234.014,1023.1230000000002,7,1
KM-16225,0.021052631578947368,2260.958,635.1057,6,0
JH-15985,0.08571428571428572,7954.9980000000005,-644.6982000000002,6,1
ND-18370,0.2111111111111111,4326.138999999999,353.64549999999997,9,1
SM-20320,0.24666666666666665,25043.05,-1980.7392999999997,5,3
BG-11695,0.1375,1874.172,107.57149999999999,6,0
MG-18145,0.1875,3061.5429999999997,-93.60300000000001,4,2
BS-11380,0.27692307692307694,3887.834,-17.53220000000004,5,2
PP-18955,0.10882352941176471,7252.608,1495.0854000000002,10,3
PJ-18835,0.07692307692307693,1220.0900000000001,442.13550000000004,8,0
SO-20335,0.1366666666666667,2602.5755,-81.08580000000006,6,0
TB-21400,0.07058823529411766,9133.99,2798.3689000000004,7,3
DN-13690,0.018181818181818184,2139.7899999999995,540.5405000000001,7,0
DG-13300,0.1,3195.818,562.7761,5,0
JK-15370,0.12352941176470589,2709.632,330.2838,8,1
DJ-13420,0.0,2012.52,483.03499999999997,4,0
CB-12025,0.16346153846153846,6076.139000000001,150.20890000000009,10,1
AR-10345,0.26,1055.694,-221.0544,4,2
MC-17575,0.2909090909090909,1303.893,210.7493,8,2
NB-18655,0.1735294117647059,1972.599,117.64290000000001,9,1
BS-11365,0.011111111111111112,10501.652999999998,2616.0644,5,3
DS-13030,0.1394736842105263,1762.2130000000002,193.3319,4,0
SS-20515,0.0,613.4000000000001,199.93449999999996,3,0
GZ-14545,0.04,2454.6220000000003,828.661,4,0
PO-19180,0.10555555555555556,4893.043,1155.4331,9,1
LL-16840,0.016666666666666666,2741.2039999999993,560.0078000000001,6,0
ND-18460,0.0875,2893.455,443.33680000000004,6,0
CC-12220,0.11818181818181821,3913.4180000000006,393.9618,12,1
AB-10105,0.24000000000000005,14473.571,5444.8055,10,3
CC-12670,0.16785714285714287,2269.7015,187.8399,7,1
JA-15970,0.21250000000000002,6491.026000000001,-819.4217000000001,8,1
CA-12265,0.18941176470588236,2648.2871999999998,279.6183,9,1
JK-15325,0.1,383.812,55.32769999999999,3,0
TP-21130,0.08750000000000001,4454.0560000000005,1129.1261,9,1
CS-12355,0.0818181818181818,3202.162,831.9432,11,1
DB-13360,0.08333333333333333,1081.466,291.0085,5,0
RE-19405,0.2,48.36,6.045,1,2
PF-19225,0.06000000000000001,2206.128,591.3118000000001,5,0
DK-12895,0.08000000000000002,4282.176,937.6496,5,0
CL-12565,0.11428571428571428,10880.546000000002,1933.7831,12,3
ME-17320,0.1318181818181818,10663.728,1859.4695,10,3
VF-21715,0.06363636363636363,847.944,-96.27799999999999,5,0
EM-14065,0.25,228.99,40.15459999999999,4,2
RH-19555,0.5333333333333333,740.382,0.30570000000000075,2,2
AB-10015,0.06666666666666667,886.156,129.3465,3,0
TC-20980,0.11666666666666665,19052.217999999997,8981.3239,5,3
ML-17755,0.1076923076923077,2071.914,409.5112,7,0
GK-14620,0.15714285714285717,6497.27,1448.5524999999998,9,3
BF-11170,0.12222222222222223,5907.972,1538.2127,11,3
RB-19645,0.14285714285714285,221.084,72.679,5,0
RS-19870,0.06666666666666667,22.328,9.5838,2,0
NK-18490,0.1272727272727273,572.048,121.21770000000001,7,0
BO-11425,0.0,130.83,59.4522,2,0
KH-16510,0.10869565217391304,5952.859,656.1162000000002,7,1
KT-16465,0.2285714285714286,3057.1000000000004,254.00320000000005,7,1
SH-19975,0.13620689655172413,3406.8395,558.4739999999999,13,1
TS-21340,0.2833333333333333,974.7819999999999,-184.97889999999998,5,2
EH-14005,0.17272727272727273,1219.53,-94.14079999999998,7,1
FH-14365,0.13846153846153847,6987.196,2050.2826,8,3
DB-12970,0.16571428571428573,2839.2272,213.00289999999995,5,0
CP-12340,0.21333333333333335,5888.275,-1850.3029000000004,8,1
PM-18940,0.15,1405.4019999999998,157.8768,3,0
TB-21250,0.24736842105263154,1602.3759999999997,260.6155,7,2
CK-12595,0.18400000000000002,2372.7500000000005,497.7098,11,1
SC-20680,0.0,1254.64,370.15779999999995,6,0
HM-14980,0.17142857142857146,736.2760000000001,117.2755,4,2
AW-10840,0.19999999999999998,649.3760000000001,65.7725,4,2
GT-14755,0.2,226.43599999999998,-6.139200000000002,4,2
KB-16405,0.044444444444444446,908.8209999999998,274.297,3,0
RD-19720,0.1575,1419.737,207.3304,10,1
SW-20455,0.1111111111111111,2921.544,793.6547999999999,7,1
SC-20260,0.19722222222222227,3729.792999999999,671.0034,8,1
MB-17305,0.17368421052631577,1548.702,212.42499999999998,10,1
JW-15220,0.07142857142857142,7721.714,2173.7093999999997,6,3
NM-18445,0.042857142857142864,6459.344,2751.6848999999997,7,3
CD-12790,0.02666666666666667,1860.732,403.8422,5,0
GH-14425,0.19,4172.8460000000005,1176.4181,4,0
NS-18505,0.20666666666666667,2575.863,-12.303999999999998,4,2
CS-12400,0.21428571428571433,3651.8585000000003,-342.80330000000004,9,1
ST-20530,0.19999999999999998,433.34000000000003,84.4419,7,2
HK-14890,0.2133333333333334,4877.784000000001,956.9451,8,1
GM-14695,0.05454545454545456,6049.965999999999,188.7235,3,0
FA-14230,0.25882352941176473,2984.0539999999996,520.5229,7,2
SV-20815,0.19999999999999998,1271.0900000000001,199.6502,4,2
BS-11800,0.0,949.43,194.0516,2,0
SC-20845,0.2,280.63200000000006,31.1757,2,2
CC-12550,0.15000000000000002,113.832,33.8706,3,0
PT-19090,0.37142857142857144,160.572,-20.0508,4,2
LM-17065,0.05714285714285715,1346.774,-44.877999999999986,5,0
NC-18535,0.13666666666666666,8241.739,1314.758,7,3
JE-16165,0.028571428571428574,2697.248,789.6476,3,0
MO-17800,0.16363636363636364,1687.0269999999998,169.34369999999998,8,1
DB-12910,0.15416666666666665,2171.5989999999997,431.37480000000005,8,1
JS-15940,0.3375,469.169,-327.9336,5,2
BD-11725,0.02,1526.5,333.9791,6,0
AS-10135,0.06666666666666667,58.82,21.8496,2,0
SC-20695,0.15714285714285717,2576.408,611.8290999999999,10,1
JM-15580,0.1142857142857143,303.948,113.12040000000002,5,0
MK-17905,0.3,2302.368,-405.3559000000001,8,2
VP-21760,0.17142857142857146,3360.5260000000003,-1018.7768000000002,7,1
SW-20245,0.25999999999999995,1085.078,-19.60620000000001,7,2
AS-10045,0.355,3050.692,-253.5746,7,2
SC-20725,0.15,5226.209999999999,1276.6513000000002,11,1
JF-15565,0.175,4198.332,1073.2087999999999,8,1
BH-11710,0.18333333333333335,6255.351,802.7898,8,1
AI-10855,0.07222222222222222,4375.786,867.7271,10,1
AS-10090,0.18,3255.3099999999995,64.53739999999998,9,1
MG-17875,0.24285714285714285,1242.8329999999999,-470.7684,5,2
RD-19660,0.08,2786.632,835.772,5,0
SM-20905,0.2833333333333333,1043.0410000000002,-237.2885,1,2
XP-21865,0.04642857142857144,2374.6580000000004,621.23,11,1
BF-11020,0.2571428571428572,2888.5059999999994,302.02,8,1
MC-17845,0.1,3805.714,698.4173999999999,7,1
GZ-14470,0.07857142857142858,4355.150000000001,1087.7539,9,1
RB-19360,0.09444444444444443,15117.339,6976.0959,6,3
BT-11530,0.1,2684.4919999999997,409.4983,5,0
LD-17005,0.028571428571428574,1961.934,557.1714000000001,4,0
BW-11065,0.13333333333333333,385.516,-58.2866,3,0
JM-15865,0.18461538461538465,7625.076000000001,1574.6163999999999,7,3
SP-20545,0.26,1306.086,-118.77570000000004,6,2
RB-19330,0.31666666666666665,1008.1959999999999,-164.40619999999998,2,2
SP-20860,0.20833333333333334,4282.9400000000005,566.7225999999999,10,1
MJ-17740,0.21333333333333335,6320.746,1054.5529000000001,7,1
MY-18295,0.24380952380952386,4152.696,-371.7111,11,1
MP-18175,0.15526315789473683,5087.919999999999,226.45289999999994,9,1
CS-12130,0.1142857142857143,884.64,143.83390000000003,4,0
KC-16255,0.02,2120.954,846.1217000000001,6,0
HR-14830,0.09999999999999999,5248.787,1196.9504,7,1
TH-21115,0.23333333333333334,2942.772,-252.5539,4,2
JL-15850,0.23636363636363641,2725.2560000000003,779.9045999999998,6,2
LC-16870,0.23999999999999996,2580.7039999999997,-188.25110000000004,8,1
BT-11305,0.044444444444444446,2567.6560000000004,417.59180000000003,5,0
EA-14035,0.3,2846.7049999999995,-52.740600000000015,13,1
JH-15430,0.31428571428571433,309.28099999999995,-24.0771,4,2
SV-20935,0.23076923076923078,1903.491,106.89120000000001,8,1
DB-13120,0.14285714285714285,2973.094,-1421.7692000000002,7,1
BB-10990,0.19999999999999998,744.3399999999999,11.583900000000007,5,2
TP-21415,0.462,5329.004800000001,-1087.3898,5,2
JK-16120,0.20588235294117646,2932.484,122.65659999999997,10,1
AH-10210,0.0923076923076923,4805.344000000001,1308.5546,9,1
SC-20230,0.10909090909090911,4371.958,440.1410000000001,4,0
TZ-21580,0.08888888888888889,1707.286,224.88869999999997,4,0
BK-11260,0.20625000000000004,659.1379999999999,-63.76440000000001,6,2
MF-17665,0.1375,937.0390000000001,-341.52650000000006,5,0
DO-13645,0.09090909090909091,1267.3159999999998,294.0676000000001,7,0
DK-13090,0.13846153846153844,2650.5570000000002,536.3935,7,1
SP-20650,0.15333333333333335,1872.4360000000001,268.4782,9,1
AG-10765,0.45999999999999996,170.584,-8.430999999999997,4,2
EM-14200,0.125,366.822,21.772099999999995,3,0
KN-16390,0.21764705882352944,2617.272,-151.15179999999998,9,1
BW-11110,0.1411764705882353,4750.358,921.2574,8,1
ED-13885,0.21428571428571427,3484.92,670.4435000000001,8,1
AS-10240,0.2692307692307692,584.608,33.715799999999994,7,2
LS-17200,0.2,1010.256,244.197,6,2
AJ-10795,0.08333333333333334,4501.391,1158.7064,7,1
CS-12490,0.25000000000000006,1077.2285,-302.87610000000006,4,2
JO-15550,0.23636363636363636,1090.838,167.67090000000002,5,2
ER-13855,0.2,1245.788,-295.7398,3,2
DJ-13510,0.06923076923076922,2501.688,345.2521,8,1
SD-20485,0.10476190476190476,6121.113999999999,1985.1672,9,3
AH-10465,0.13999999999999999,2495.3916,-196.12009999999995,5,0
NC-18340,0.0411764705882353,2461.404,580.3074999999999,5,0
DO-13435,0.15769230769230771,1300.0315,-38.90860000000001,9,1
CK-12205,0.23437500000000008,3154.8550000000005,141.28309999999996,13,1
MD-17860,0.2875,1204.9099999999999,-4.0403000000000056,5,2
TH-21550,0.06923076923076922,4234.0960000000005,-571.9678000000001,7,1
TM-21490,0.05,1094.6779999999999,292.52099999999996,3,0
EM-13810,0.14285714285714285,2567.0099999999998,-133.8275,5,0
LF-17185,0.31875000000000003,3930.509,-3583.977,7,2
SC-20380,0.19000000000000003,5992.535999999999,236.66149999999993,9,1
PK-18910,0.3666666666666667,1441.152,-798.705,2,2
IM-15055,0.1,2872.63,975.7701,3,0
BS-11755,0.13214285714285715,2562.382,-113.29840000000003,7,1
AO-10810,0.2,161.28,12.096,1,2
JB-16000,0.07428571428571429,644.1188,126.76490000000001,7,0
AG-10900,0.16666666666666666,4510.797,343.68240000000003,10,1
KD-16345,0.12999999999999998,1888.9639999999997,328.59420000000006,6,0
SH-20395,0.23333333333333334,2180.718,-144.52289999999996,10,1
PK-19075,0.076,8646.934000000001,2038.2676000000004,12,3
RA-19915,0.27954545454545454,4793.543,304.86729999999994,9,1
JB-16045,0.18888888888888888,2518.115,201.51850000000002,5,2
CM-12655,0.072,6339.557600000001,1572.4585,6,3
DS-13180,0.15350000000000003,2881.8127999999997,163.6993,9,1
GW-14605,0.15555555555555556,2189.0190000000002,-268.5423,7,1
CC-12145,0.0818181818181818,2471.6500000000005,392.2825,7,0
DK-12985,0.1625,1687.0400000000002,-107.35379999999999,5,0
CS-12505,0.19999999999999998,5690.055,-6626.389499999999,6,2
SC-20800,0.12000000000000002,279.256,51.8252,4,0
PW-19030,0.038461538461538464,3454.9160000000006,803.8169000000001,10,1
BN-11515,0.023529411764705882,1459.3439999999998,340.7054,5,0
VM-21685,0.09999999999999999,2454.8659999999995,513.5269000000001,7,0
JK-16090,0.19999999999999998,3747.668,586.6625000000001,3,2
AA-10645,0.06388888888888888,5086.935,857.8032999999999,6,0
EG-13900,0.2,1832.0199999999998,104.2656,5,2
RM-19375,0.044444444444444446,1453.4740000000002,392.1499,6,0
TR-21325,0.028571428571428574,675.942,220.3644,5,0
LP-17080,0.1111111111111111,756.606,110.78129999999999,4,0
CS-11860,0.2285714285714286,537.6320000000001,105.8275,6,2
BD-11605,0.07250000000000001,3288.471,634.8463,7,0
RR-19525,0.06000000000000001,3302.2619999999997,721.6826000000001,6,0
SC-20440,0.28,1874.998,379.5611,7,2
FC-14245,0.1357142857142857,3418.742,1217.1662000000001,7,1
JE-15610,0.16000000000000003,7754.976000000001,1623.4019,7,3
SA-20830,0.1928571428571429,4767.3415,610.1496000000001,10,1
TN-21040,0.19999999999999998,3130.221,-692.0452000000001,7,2
SG-20470,0.15,1884.798,-119.0105,8,1
AR-10405,0.09999999999999999,2236.1279999999997,-98.76459999999999,5,0
JH-16180,0.22000000000000003,2256.3940000000002,-96.95300000000002,4,2
TC-21145,0.0,1038.26,265.5332,1,0
CM-11815,0.12,1673.8880000000001,214.46300000000002,6,0
DM-12955,0.16666666666666666,1322.0339999999999,108.7583,7,1
AC-10660,0.18333333333333335,657.316,-28.70039999999999,5,2
JW-15955,0.0818181818181818,1244.086,-29.575900000000004,7,0
EH-13945,0.29411764705882354,684.171,53.5398,8,2
RD-19900,0.05714285714285714,3133.924,455.52919999999995,9,1
AD-10180,0.05833333333333333,6106.879999999999,1869.9294,8,3
RD-19480,0.10666666666666667,4272.930000000001,480.594,8,1
JL-15835,0.08823529411764706,9799.923,228.90699999999998,11,3
SV-20365,0.15625,11470.949999999999,1199.4242,10,3
AH-10030,0.09090909090909091,1744.6999999999998,365.2152,7,0
EM-14095,0.1,1041.042,240.2362,4,0
HA-14905,0.22999999999999998,2163.3,270.8574,7,2
ES-14020,0.125,3510.4579999999996,1003.2934999999999,5,0
FC-14335,0.15999999999999998,3889.3659999999995,714.2926,7,1
HG-14845,0.19,785.6279999999999,147.0032,5,2
IL-15100,0.07142857142857142,5040.736000000001,1121.937,7,1
DE-13255,0.1111111111111111,2550.874,464.4714,5,0
MO-17950,0.35,154.288,-82.0074,2,2
DW-13540,0.17777777777777778,344.08000000000004,69.6672,5,2
TW-21025,0.09999999999999999,5278.826,737.3905000000001,7,1
TA-21385,0.08,14595.620000000003,4703.7883,4,3
JL-15505,0.07058823529411765,3173.874,591.7163,6,0
SB-20185,0.1416666666666667,6410.996000000001,885.4623999999999,6,1
DD-13570,0.24444444444444446,269.54200000000003,36.4344,6,2
MV-17485,0.24000000000000002,1560.05,189.0258,9,1
HA-14920,0.20000000000000004,2584.158,99.14450000000004,8,1
DB-13270,0.2076923076923077,4655.897,841.8263999999999,8,1
KB-16240,0.14999999999999997,3152.615,763.9075999999999,7,1
MF-18250,0.06666666666666667,1758.3000000000002,456.86080000000004,5,0
Dl-13600,0.21666666666666667,755.602,175.2388,5,2
JF-15295,0.1142857142857143,955.1239999999999,97.289,5,0
JK-15625,0.11666666666666665,3760.028,750.9484999999999,7,1
WB-21850,0.20540540540540542,6160.102000000001,714.3311000000002,11,1
BD-11635,0.1,582.646,141.53400000000002,3,0
DJ-13630,0.0625,3356.3979999999997,731.5644,3,0
PO-19195,0.19,1056.858,-49.70089999999999,5,2
JF-15190,0.12105263157894738,2279.5860000000002,575.1258999999999,7,1
DB-13660,0.16,1155.202,177.6735,7,1
MC-17275,0.13076923076923078,2725.982,461.0014,8,1
JH-15820,0.15000000000000002,528.91,26.0822,6,0
CK-12325,0.18333333333333335,2945.3210000000004,261.22090000000003,5,2
ES-14080,0.26,4657.924,246.6661,9,1
MH-18025,0.13,2984.9480000000003,476.90319999999997,5,0
DW-13195,0.24444444444444446,1080.751,-86.8738,6,2
SE-20110,0.1105263157894737,12209.438000000002,2650.6768999999995,11,3
CC-12610,0.27499999999999997,2540.631,331.43399999999997,7,2
MW-18235,0.06666666666666667,5253.876,1665.516,2,0
LH-17020,0.4666666666666666,318.239,-242.73989999999998,4,2
SK-19990,0.22000000000000003,883.4089999999999,168.79330000000002,3,2
BG-11035,0.19166666666666665,2798.9479999999994,-711.4274,8,1
CL-11890,0.05714285714285715,1262.014,328.0847,4,0
EJ-13720,0.175,2162.174,387.0176,4,0
EJ-14155,0.0625,2656.691,451.8755,5,0
SJ-20125,0.23333333333333336,3949.656000000001,144.11889999999997,12,1
TB-21355,0.06153846153846154,834.328,268.967,5,0
GT-14635,0.25,9351.212,-4108.6589,3,2
NF-18385,0.25,8322.826,-1695.9713999999994,7,1
ON-18715,0.16,1567.52,-5.88900000000001,9,1
RA-19885,0.04000000000000001,3832.3140000000003,1292.8656,7,0
BD-11560,0.0,320.53999999999996,116.714,2,0
EB-13975,0.28333333333333327,1643.2549999999999,162.8781,4,2
NP-18700,0.19615384615384618,7903.182499999999,631.2281999999999,7,1
DV-13465,0.11333333333333333,3341.587,353.2126999999999,6,0
GM-14440,0.11818181818181818,3582.8199999999997,347.26599999999996,7,1
BT-11395,0.14999999999999997,2186.6130000000003,257.9163,6,0
AR-10825,0.07692307692307693,4523.335999999999,494.83520000000004,8,1
CB-12535,0.049999999999999996,4246.4555,1049.5601000000001,8,1
AH-10075,0.135,3250.337,281.18899999999996,10,1
DP-13165,0.15000000000000002,1058.616,-40.93759999999999,2,0
BP-11290,0.3,2475.157,-319.06370000000004,7,2
KS-16300,0.27499999999999997,88.472,0.11099999999999888,3,2
DB-13555,0.15142857142857144,3908.8028,109.32700000000001,7,1
BM-11575,0.18,808.1619999999999,95.58160000000001,6,2
HG-14965,0.17058823529411768,3247.6420000000007,-2797.9635000000003,12,1
JL-15130,0.26666666666666666,1214.9559999999997,-207.79560000000004,6,2
PC-18745,0.21999999999999997,1832.064,272.68499999999995,4,2
JJ-15760,0.06666666666666667,195.0,34.449200000000005,2,0
MH-17440,0.07777777777777778,400.0160000000001,61.4286,4,0
AB-10600,0.375,1515.862,-274.9604,4,2
AH-10195,0.35,1587.452,-378.5509,4,2
RE-19450,0.13333333333333333,876.6959999999999,209.2294,5,0
FW-14395,0.0,79.75,23.491300000000003,3,0
LC-17140,0.1842105263157895,2633.582,231.1252,9,1
TD-20995,0.24375,1434.548,88.1897,9,1
JC-16105,0.044444444444444446,858.576,201.59519999999998,5,0
VP-21730,0.04,993.9019999999999,205.38880000000003,3,0
BW-11200,0.15,1738.4060000000002,246.99729999999997,6,0
FM-14215,0.09333333333333334,2456.6379999999995,249.68079999999998,10,1
EN-13780,0.044444444444444446,2199.366,496.1131,4,0
SR-20425,0.36666666666666664,3233.481,-3333.9144000000006,5,2
AG-10330,0.23333333333333334,660.972,-5.137100000000004,5,2
TS-21205,0.15789473684210525,5371.09,862.8877,7,1
SB-20290,0.24117647058823527,8057.891,-2082.7451,7,1
NS-18640,0.21538461538461545,2964.8230000000003,-234.77140000000003,13,1
HL-15040,0.018181818181818184,12873.297999999999,5622.4292000000005,6,3
TT-21220,0.21333333333333337,1427.0439999999999,278.7371,8,1
QJ-19255,0.12307692307692308,6108.337999999999,1203.6768000000002,9,1
MS-17980,0.17272727272727273,855.1160000000001,55.226000000000006,6,2
MG-17650,0.1285714285714286,3785.2759999999994,341.898,7,1
Dp-13240,0.18620689655172415,7198.761,333.3648000000002,11,1
BT-11485,0.06666666666666667,415.19599999999997,126.8694,2,0
KC-16675,0.08571428571428573,1146.05,156.7797,4,0
MA-17560,0.09411764705882353,4299.160999999999,1240.2266,11,1
TC-21295,0.13125,4266.812,606.3727,8,1
TB-21520,0.265,4737.486,-1603.0451,9,1
EB-14110,0.20909090909090908,3071.126,184.7656,6,2
BD-11770,0.12,658.4659999999999,141.265,6,0
KL-16555,0.29545454545454547,5016.488,-182.78130000000002,8,1
GM-14680,0.14545454545454548,3163.6280000000006,35.48650000000002,6,0
MH-17620,0.23333333333333336,1252.8,122.3612,4,2
BG-11740,0.14285714285714285,1006.356,119.3479,6,0
MS-17770,0.09999999999999999,3144.6779999999994,280.85839999999996,9,1
HW-14935,0.045,9300.254,2164.1610999999994,8,3
DL-12865,0.15,1503.112,322.2449,8,1
NR-18550,0.22307692307692303,2367.277,-25.148799999999973,5,2
CM-12385,0.12,8954.019999999999,3899.8903999999998,4,3
BM-11785,0.25000000000000006,1338.8419999999999,137.7439,10,1
MT-18070,0.2427272727272727,1319.4497999999999,-23.676300000000012,4,2
LT-16765,0.13333333333333333,329.876,59.036,3,0
LR-17035,0.275,1879.306,-382.80789999999996,5,2
ZD-21925,0.1111111111111111,1493.944,249.1307,5,0
SS-20875,0.23999999999999996,964.636,-75.586,5,2
RA-19285,0.16470588235294117,2617.906,546.0882,9,1
LH-16900,0.12666666666666665,2295.332,526.0726999999999,9,1
SN-20710,0.1168421052631579,3127.9592000000002,481.7499,7,1
CG-12040,0.18888888888888886,904.468,86.51060000000001,6,2
PS-18760,0.22380952380952382,2181.4790000000003,-134.44099999999997,6,2
MM-17260,0.13333333333333333,1314.0230000000001,178.40200000000002,4,0
JB-15400,0.20625,1791.6049999999998,156.05319999999998,10,1
CV-12805,0.2431578947368421,2370.3136,98.99749999999999,9,1
RS-19765,0.11428571428571428,4159.77,1206.3851,8,1
CM-12235,0.07500000000000001,2305.712,365.03869999999995,5,0
KB-16315,0.19545454545454544,1569.464,49.71929999999998,9,1
MH-18115,0.16818181818181818,5503.093000000001,170.9746,9,1
JG-15115,0.24285714285714283,2358.676,684.1911,3,2
DB-13060,0.1846153846153846,4531.646000000001,473.0272,7,1
FP-14320,0.13571428571428573,4046.746,406.44730000000004,8,1
FH-14275,0.1285714285714286,4256.272,1073.2676,10,1
DH-13675,0.12272727272727271,1043.096,116.66700000000002,4,0
KH-16360,0.15,3100.612,528.2051,6,0
RW-19540,0.13478260869565217,7397.401000000001,1586.6273,7,3
AG-10270,0.014285714285714287,2582.898,732.7399000000001,5,0
PR-18880,0.11666666666666665,1840.1779999999997,247.6226,5,0
RC-19825,0.11000000000000001,966.4089999999999,63.9914,6,0
SM-20950,0.12727272727272726,5563.392,581.5741999999999,12,1
TB-21625,0.14,2797.6679999999997,379.882,9,1
BB-11545,0.195,6765.728000000001,1015.0749999999998,9,1
EB-14170,0.22857142857142856,1186.3259999999998,282.1701,6,2
CS-11950,0.26363636363636367,3036.547,-126.4223,11,1
BS-11590,0.29999999999999993,2454.928,381.7807,6,2
LR-16915,0.17500000000000002,5142.892,535.4763999999999,6,1
GA-14725,0.17954545454545456,1398.3819999999998,136.70789999999997,11,1
MM-18280,0.14166666666666666,775.414,58.891600000000004,9,1
AM-10705,0.06363636363636364,5664.022,1085.7326,8,1
MN-17935,0.26,2477.946,290.8227,6,2
GR-14560,0.0,1284.38,359.83320000000003,2,0
NF-18595,0.11666666666666665,2031.472,388.2131,7,0
DK-12835,0.17777777777777778,3256.4799999999996,881.1228,12,1
TH-21100,0.17142857142857143,2422.824,-135.21249999999998,5,2
AT-10435,0.19999999999999998,1171.8139999999996,100.87680000000002,6,2
AM-10360,0.125,814.0120000000001,194.9878,5,0
JG-15160,0.1111111111111111,6366.392,1415.6664,11,3
MG-17890,0.11923076923076924,776.384,171.7372,9,1
VG-21790,0.07500000000000001,846.0100000000002,143.6268,6,0
EB-13870,0.29090909090909095,2767.2189999999996,261.53150000000005,10,1
SC-20305,0.21666666666666667,3979.065,229.1617,7,1
JR-16210,0.22000000000000003,2201.6859999999997,452.373,5,2
SF-20200,0.12666666666666665,3422.786,286.9046,9,1
KC-16540,0.2,3908.262,709.4219,4,2
KB-16600,0.26666666666666666,983.922,293.55240000000003,7,2
BD-11620,0.175,1538.1099999999997,206.75689999999997,6,2
KD-16270,0.18750000000000003,8282.358,1107.6951999999999,5,3
CM-12160,0.24285714285714285,2533.314,-394.3686,6,2
AP-10915,0.0935483870967742,3323.556,579.3113,10,1
DC-12850,0.21111111111111114,3336.1680000000006,-1441.6312999999998,9,1
JC-15775,0.12187499999999998,2772.0550000000003,279.56919999999997,9,1
BP-11095,0.165,2442.044,433.9751,12,1
SV-20785,0.184,4105.305,485.02720000000005,9,1
BN-11470,0.16666666666666666,265.296,36.613099999999996,4,0
EB-13705,0.2583333333333334,3644.9780000000005,13.621500000000015,9,1
LH-16750,0.3666666666666667,287.426,12.6277,3,2
JS-16030,0.18333333333333332,2516.494,-311.25750000000005,6,2
SW-20755,0.1,758.6959999999999,68.2416,2,0
PB-19150,0.12727272727272726,1456.95,280.6606,8,1
LO-17170,0.25555555555555554,644.35,150.1712,5,2
LB-16795,0.23749999999999996,4985.676,-52.19100000000004,8,1
DB-13615,0.14545454545454548,1989.0500000000002,438.8012,7,1
FM-14380,0.15714285714285717,2523.266,191.4898,9,1
AJ-10945,0.04,1839.24,521.1351999999999,7,0
SS-20140,0.11428571428571428,1324.0280000000002,332.34869999999995,8,1
CR-12625,0.0,475.9,144.7594,3,0
JW-16075,0.32857142857142857,1428.7309999999998,154.06369999999998,4,2
JR-15670,0.3,1156.658,-785.1645,2,2
CA-11965,0.11199999999999999,3789.7228000000005,1143.3817000000001,6,0
HR-14770,0.04615384615384616,1299.288,185.57940000000002,5,0
NC-18415,0.2642857142857143,2218.9900000000002,-2204.8071999999997,6,2
RF-19735,0.014285714285714287,2341.2960000000003,711.6168,7,0
DK-13375,0.10869565217391304,3318.486,377.0799,8,1
SW-20350,0.21666666666666665,1019.0439999999999,95.8383,3,2
BO-11350,0.2333333333333333,2682.728,278.77700000000004,5,2
VG-21805,0.10000000000000002,427.372,-52.33299999999999,5,0
SJ-20215,0.37,1341.0359999999998,-23.5137,6,2
JC-15385,0.05,1058.1080000000002,502.92440000000005,1,0
TB-21190,0.025,816.174,179.0038,4,0
RM-19675,0.045454545454545456,5979.0960000000005,1902.5438,5,3
RB-19705,0.15714285714285717,2067.45,243.07549999999998,4,0
TS-21370,0.11666666666666667,11891.751,2371.7144,6,3
RB-19435,0.1625,2663.0860000000002,477.2398999999999,8,1
KT-16480,0.1476923076923077,4642.088400000001,194.06709999999998,10,1
TH-21235,0.2076923076923077,1022.2010000000001,92.729,8,1
AG-10300,0.08,367.548,59.288399999999996,4,0
MC-17605,0.2222222222222222,2258.192,195.4486,8,1
MH-17785,0.07272727272727274,2203.778,238.56140000000002,7,0
AH-10120,0.2375,1735.514,-2.314600000000027,7,2
JP-15520,0.059375000000000004,3635.5940000000005,757.1802000000001,7,0
MS-17710,0.22,1613.402,247.4348,6,2
AP-10720,0.16315789473684214,1638.5539999999999,285.7888,8,1
TS-21505,0.19285714285714287,2243.274,11.377899999999983,6,2
CS-12175,0.1625,844.4580000000001,113.1405,5,0
KE-16420,0.21466666666666664,1686.7312,397.8799,8,1
SS-20410,0.25833333333333336,3056.807,-1010.9738,6,2
RK-19300,0.07500000000000001,1460.1920000000002,269.688,3,0
FG-14260,0.11818181818181817,1383.144,394.7397,7,0
CA-12775,0.18823529411764706,3041.566,204.4895,7,1
AH-10585,0.12000000000000002,738.5039999999999,83.963,4,0
NG-18430,0.1111111111111111,1395.938,217.0893,5,0
PV-18985,0.0846153846153846,2876.0460000000003,434.5284,5,0
JM-16195,0.06315789473684212,2833.926,754.1144,10,1
HH-15010,0.03333333333333333,218.668,86.73419999999999,2,0
DW-13585,0.16999999999999998,1204.854,-266.89660000000003,7,1
EB-13750,0.145,3236.314,-80.286,10,1
AZ-10750,0.125,1622.0179999999998,154.9503,6,0
BV-11245,0.09285714285714285,1523.2730000000001,315.2214,5,0
MG-17680,0.225,2350.188,25.88860000000001,4,2
SM-20005,0.26666666666666666,244.49400000000003,-26.592700000000004,4,2
DM-13345,0.1,4074.472,1319.0586,8,1
SG-20080,0.06818181818181819,3406.581,570.4379999999999,3,0
PC-19000,0.13333333333333333,1061.488,-184.3364,2,0
TT-21070,0.11428571428571428,4915.602,751.9567000000003,7,1
MM-18055,0.21052631578947367,2749.881,-520.3443,8,1
VS-21820,0.47500000000000003,1055.9809999999998,-262.80929999999995,4,2
SC-20575,0.34285714285714286,902.7280000000001,100.2253,5,2
KW-16570,0.04,449.096,107.92699999999999,4,0
CC-12475,0.16153846153846155,1659.4380000000003,154.851,9,1
CY-12745,0.2,2900.0260000000003,60.6467,8,1
NM-18520,0.26,2161.9790000000003,788.9525000000001,10,1
AR-10570,0.0,88.15,32.633,1,0
KA-16525,0.05454545454545456,1519.506,234.9194,7,0
SC-20770,0.3047619047619048,4492.657,-671.1874,7,2
FH-14350,0.10714285714285712,2271.284,706.289,4,0
DM-13525,0.16999999999999998,1376.7920000000001,199.76879999999997,3,0
RH-19495,0.1,3621.3759999999997,563.7877,5,0
BE-11410,0.16,2261.4379999999996,755.9150999999999,5,0
MG-17695,0.2571428571428572,1342.282,-398.79319999999996,3,2
JH-15910,0.14444444444444446,959.4770000000001,-13.55449999999999,7,0
AR-10510,0.21428571428571425,264.864,43.6695,5,2
SF-20065,0.10000000000000002,763.5459999999999,228.16230000000002,7,0
SG-20890,0.4,47.946,-3.7073000000000014,3,2
MP-17470,0.12142857142857141,3206.132,600.2873000000001,7,1
CB-12415,0.3333333333333333,1949.1999999999998,272.3883,8,2
PS-18970,0.05384615384615384,1278.6390000000001,198.50990000000002,8,0
MP-17965,0.255,3983.642,638.1563000000001,9,1
PF-19165,0.05,2770.0,196.87389999999994,6,0
KM-16375,0.13999999999999999,5620.186,973.7901999999998,8,1
ML-18265,0.06666666666666667,162.232,42.6648,2,0
MA-17995,0.041666666666666664,2453.284,280.7822,6,0
KH-16690,0.12666666666666665,5990.799,1227.5091,7,1
DR-12880,0.13333333333333333,6528.034,1641.8613000000003,9,3
AC-10615,0.1111111111111111,2537.6859999999997,298.82730000000004,5,0
SB-20170,0.18571428571428572,1348.02,157.6658,3,2
JC-15340,0.22499999999999998,71.263,-0.3555999999999999,4,2
PO-18865,0.04615384615384616,2493.214,437.8533,7,0
AA-10375,0.08,1056.39,277.3824,9,1
LS-16975,0.2818181818181818,2988.674,262.63669999999996,9,1
AA-10315,0.09090909090909091,5563.56,-362.8825000000001,5,0
MH-17290,0.18846153846153843,2394.025,28.761200000000034,6,2
JK-15205,0.13076923076923078,4427.142,1219.9830000000002,5,0
PO-18850,0.21,7473.8282,38.47570000000002,11,1
BF-10975,0.14615384615384613,599.7980000000001,227.43840000000003,7,0
MS-17365,0.1604166666666667,7443.69,844.9354999999997,10,1
AS-10225,0.06153846153846154,4260.784000000001,719.7751000000001,5,0
LC-16885,0.1565217391304348,7663.125999999999,1288.3468999999998,12,3
PG-18820,0.16923076923076924,3086.9070000000006,137.46129999999994,13,1
RD-19810,0.1875,1137.616,318.4625,8,1
DR-12940,0.15384615384615385,8350.868,2869.076,8,3
MT-17815,0.12999999999999998,2890.1389999999997,509.0068,6,0
SJ-20500,0.14285714285714285,1318.7760000000003,68.09629999999999,5,0
RB-19570,0.16666666666666669,528.546,76.8879,5,0
MV-18190,0.08636363636363636,1734.5739999999998,273.8582,7,0
GT-14710,0.09999999999999999,11820.12,2163.4269,11,3
HP-14815,0.3,1990.314,373.8637,7,2
RB-19465,0.13478260869565217,4715.466,640.5465999999999,12,1
MD-17350,0.32941176470588235,3766.382,-241.95,7,2
HE-14800,0.018181818181818184,883.5319999999999,274.40279999999996,4,0
KB-16585,0.10869565217391304,2744.7419999999997,579.3551,12,1
DC-13285,0.07857142857142858,1174.618,132.06820000000002,5,0
SH-20635,0.2,2096.392,260.6258,2,2
BD-11320,0.07894736842105261,5718.521000000001,1094.5037,12,1
JF-15355,0.075,1911.844,330.19899999999996,6,0
JD-15895,0.075,7610.8640000000005,1050.2668,11,3
FM-14290,0.18000000000000005,3736.198000000001,198.10949999999997,9,1
LW-16990,0.10909090909090909,3230.308,662.8339000000001,6,0
VD-21670,0.07500000000000001,6442.254000000001,1617.7874000000002,6,3
NB-18580,0.1,273.87199999999996,24.788800000000002,2,0
CW-11905,0.09090909090909091,1136.592,370.82980000000003,6,0
EP-13915,0.1974193548387097,5478.060799999998,144.95780000000002,17,1
JD-16150,0.055882352941176466,8828.0305,1619.5198999999998,8,3
EL-13735,0.0,124.28,27.1154,2,0
MZ-17515,0.28,2564.906,787.7503,6,2
PB-18805,0.12,740.356,229.22570000000002,3,0
MB-18085,0.19999999999999998,1428.231,117.8057,7,2
LB-16735,0.26666666666666666,50.188,18.6507,3,2
GH-14410,0.2705882352941177,2819.467,-576.8335,9,1
JP-16135,0.15384615384615383,1707.7099999999998,309.71160000000003,9,1
CK-12760,0.15,1582.109,-338.43109999999996,9,1
AA-10480,0.016666666666666666,1790.5120000000002,435.8274,4,0
AR-10540,0.06666666666666668,6608.447999999999,2884.6208,6,3
NC-18625,0.24444444444444446,1821.742,-359.021,5,2
BM-11140,0.16875000000000004,11789.630000000001,-1659.9581,4,1
NZ-18565,0.175,2488.3100000000004,402.4236,9,1
SZ-20035,0.22000000000000003,3625.329,366.43030000000005,11,1
JS-15595,0.3125,1417.654,-175.54899999999998,4,2
KM-16660,0.044444444444444446,453.538,91.1391,5,0
SG-20605,0.09230769230769233,3124.832,463.269,6,0
GM-14500,0.11538461538461539,1255.6819999999998,441.3185,10,1
GG-14650,0.15,2224.0,12.698500000000015,9,1
RH-19510,0.03333333333333333,6979.179999999999,1289.4535,6,3
NP-18670,0.02,3908.402,514.6002,5,0
DL-13330,0.05,585.02,222.6812,4,0
MK-18160,0.0818181818181818,1031.602,227.8338,4,0
ME-18010,0.16666666666666666,1256.944,107.36040000000001,4,0
EH-13990,0.0625,825.9499999999999,150.37589999999997,6,0
HZ-14950,0.19999999999999998,886.52,-130.3879,5,2
TT-21460,0.1285714285714286,5364.808,1124.4998999999998,7,1
TT-21265,0.0,439.5,93.9162,3,0
CR-12730,0.26666666666666666,1600.55,306.91760000000005,4,2
CT-11995,0.16111111111111112,3241.898,161.22629999999995,8,1
JO-15145,0.07307692307692307,3254.9490000000005,581.4045,9,1
RC-19960,0.17272727272727273,885.752,10.563299999999998,6,2
LH-17155,0.07894736842105261,1739.689,316.5202,9,1
RP-19270,0.19333333333333336,954.6451999999999,59.53840000000002,4,2
JD-16015,0.3090909090909091,385.42999999999995,26.7605,6,2
CV-12295,0.07692307692307693,2830.6279999999997,493.0861,5,0
LC-17050,0.2722222222222222,2095.064,86.778,5,2
AB-10150,0.13333333333333333,966.71,313.65969999999993,5,0
NP-18685,0.18571428571428572,1228.698,514.5016999999999,6,2
TS-21610,0.3727272727272727,2820.4240000000004,-294.6981,7,2
SN-20560,0.1733333333333333,1860.4180000000001,-716.8565000000001,6,2
DK-13150,0.12000000000000002,797.8319999999999,249.9447,2,0
RA-19945,0.31666666666666665,1686.9225000000001,-445.69499999999994,5,2
LC-16960,0.2857142857142857,3246.6259999999997,299.48019999999997,4,2
DL-13315,0.1823529411764706,1458.2579999999998,288.8732,8,1
PL-18925,0.25,239.481,-0.7527000000000008,5,2
AB-10165,0.1357142857142857,1113.8380000000002,220.81300000000002,8,1
EH-13765,0.07187500000000001,10310.88,1393.5154000000002,12,3
VT-21700,0.33333333333333337,1736.596,-224.08889999999997,2,2
RP-19855,0.13333333333333333,2170.716,594.5868,8,1
TS-21085,0.7,4.833,-3.3156,2,2
JG-15310,0.2545454545454545,2240.58,3.79760000000001,6,2
CM-12715,0.30923076923076925,3984.4524,176.3108,4,2
LP-17095,0.18666666666666665,3653.3990000000003,338.4454,7,1
KM-16720,0.08928571428571429,4909.472,745.7684999999999,8,1
LS-17230,0.11666666666666665,368.88000000000005,39.1952,3,0
RW-19690,0.07333333333333333,3495.6459999999997,707.5503,5,0
DP-13105,0.1142857142857143,2215.002,563.1760999999999,8,1
DW-13480,0.03636363636363637,5271.628000000001,1348.7556000000002,5,0
CP-12085,0.14285714285714285,5402.253999999999,427.02580000000006,8,1
TP-21565,0.24000000000000005,1936.6399999999999,139.22869999999998,4,2
CC-12370,0.28181818181818186,12129.072,2177.0492999999997,5,3
JJ-15445,0.06666666666666667,709.178,200.5558,5,0
DH-13075,0.0782608695652174,4932.872,1193.7404,6,0
MH-17455,0.16363636363636364,2456.1820000000002,484.7733000000001,8,1
TS-21430,0.15714285714285717,2054.14,48.70170000000002,5,0
Co-12640,0.17500000000000002,1300.076,205.62820000000002,5,2
DP-13000,0.21176470588235297,1050.636,241.4524,9,1
BF-11005,0.18,1333.8799999999999,-291.38109999999995,4,2
DM-13015,0.23000000000000004,6345.103,1677.3931,7,3
TC-21475,0.26363636363636367,1244.976,119.10399999999998,9,1
MM-17920,0.18125,3794.0800000000004,82.12500000000001,11,1
DA-13450,0.125,156.76,56.79039999999999,4,0
DF-13135,0.2833333333333333,2390.534,-259.3097000000001,3,2
RF-19840,0.0818181818181818,945.2219999999999,280.0261,8,0
JS-15685,0.20909090909090908,1131.0639999999999,-54.86920000000002,4,2
CR-12580,0.13333333333333333,2148.852,74.40129999999999,4,0
AG-10495,0.20476190476190476,2356.855,295.6668,8,1
MW-18220,0.07857142857142858,5341.9,1238.422,7,1
RB-19795,0.25,5633.316000000001,-461.7331999999999,8,1
AF-10870,0.19999999999999998,2052.9080000000004,317.97120000000007,7,1
AS-10630,0.18333333333333335,833.398,136.49190000000002,7,2
EK-13795,0.0875,1303.4779999999998,97.10659999999999,4,0
IG-15085,0.028571428571428574,744.574,320.4982,4,0
SC-20020,0.21882352941176475,3362.9636,-317.0508,5,2
BP-11185,0.19444444444444445,3675.861,363.5991,9,1
PS-19045,0.0846153846153846,6843.634,1742.7296999999996,7,3
NL-18310,0.06000000000000001,1418.0900000000001,343.6381,4,0
PM-19135,0.12857142857142856,4115.662,526.7536999999999,4,0
TG-21640,0.12999999999999998,2074.661,365.7205,4,0
GB-14530,0.17,1568.44,7.837099999999978,11,1
BM-11650,0.08448275862068964,7294.185000000001,2199.2780999999995,11,3
HG-15025,0.17272727272727273,3690.2840000000006,804.6112999999998,7,1
GB-14575,0.037500000000000006,4716.288,1135.8393,5,0
JR-15700,0.2,863.88,107.985,1,2
NG-18355,0.08750000000000001,1869.58,313.6335,5,0
JD-16060,0.049999999999999996,695.442,111.11410000000001,3,0
TB-21280,0.09999999999999999,2198.4500000000003,490.95669999999996,6,0
CR-12820,0.13142857142857142,1397.8724000000002,83.27029999999999,3,0
JL-15235,0.22000000000000003,2203.7000000000003,54.51740000000004,5,2
TM-21010,0.05263157894736842,2955.226,573.3013000000001,8,1
CA-12055,0.30000000000000004,1679.724,211.25590000000005,5,2
AT-10735,0.0875,3831.8639999999996,974.107,10,1
DB-13210,0.18571428571428572,2332.577,169.9679,10,1
BP-11155,0.0818181818181818,1697.8609999999996,647.3847,6,0
AW-10930,0.30625,2852.9680000000003,-104.54860000000004,7,2
MR-17545,0.19999999999999998,639.178,162.93630000000002,4,2
DV-13045,0.17222222222222222,1119.4829999999997,-427.18399999999997,5,2
JL-15175,0.21428571428571427,1571.523,209.2817,5,2
RM-19750,0.0,98.35,28.6879,1,0
AS-10285,0.225,3214.2359999999994,354.62760000000003,6,2
KN-16705,0.11999999999999998,2280.58,329.76250000000005,8,1
AG-10525,0.15555555555555556,1455.0379999999998,-152.7613,4,0
MC-18130,0.05454545454545456,1581.998,121.75649999999999,5,0
KN-16450,0.28125,2171.962,114.30830000000003,5,2
MC-17425,0.12000000000000002,4432.138,1802.3903,5,0
GP-14740,0.13999999999999999,236.53,31.83760000000001,2,0
RO-19780,0.2916666666666667,3815.4780000000005,-1262.5716000000002,7,2
VB-21745,0.16999999999999998,2005.596,371.2398,6,0
AG-10675,0.16133333333333333,3489.0395999999996,-246.4257,7,1
CM-12190,0.07142857142857142,1475.1440000000002,91.2033,6,0
TB-21595,0.2714285714285714,1387.559,-136.40909999999997,5,2
SC-20050,0.18666666666666668,4624.572,1011.7442999999997,9,1
PG-18895,0.09411764705882353,1987.1639999999998,334.5163,9,1
KW-16435,0.11000000000000001,4416.52,1756.135,5,0
LS-17245,0.08333333333333333,1008.136,348.3584,6,0
KD-16495,0.08750000000000001,8181.256,3038.6254,12,3
PF-19120,0.12105263157894736,9062.864000000001,-614.2943000000001,4,0
CJ-12010,0.1885,11164.974,858.7414,8,3
YC-21895,0.07500000000000001,5454.349999999999,1305.6290000000001,5,0
JD-15790,0.17142857142857146,2152.3520000000003,-266.55249999999995,5,2
CD-12280,0.08461538461538462,1205.5839999999998,233.0274,2,0
ML-17395,0.17250000000000001,2722.843,684.9162,9,1
PA-19060,0.18571428571428572,729.4079999999999,225.85880000000003,6,2
EH-14125,0.20555555555555557,3082.6530000000002,96.27020000000005,10,1
MO-17500,0.22000000000000003,922.487,59.357699999999994,4,2
BT-11440,0.1571428571428571,603.876,-77.5256,4,0
NF-18475,0.25,377.162,85.92779999999999,4,2
DB-13405,0.028571428571428574,1711.6920000000002,438.90920000000006,4,0
GH-14665,0.24,146.94080000000002,-5.810200000000001,2,2
TC-21535,0.10999999999999999,742.558,217.93299999999996,7,0
EM-14140,0.06666666666666667,4588.435999999999,1319.3655000000003,6,0
BS-11665,0.18181818181818182,3288.1099999999997,238.73680000000002,3,2
JS-15880,0.14666666666666667,3868.02,564.9798,5,0
ML-18040,0.25,742.082,138.71620000000001,3,2
JB-15925,0.30000000000000004,900.552,-286.98080000000004,3,2
MG-18205,0.44999999999999996,16.739,-1.2453,1,2
BE-11455,0.14615384615384613,1727.6520000000003,139.20080000000002,6,0
JO-15280,0.17272727272727273,1934.2720000000002,202.1362,6,0
AC-10450,0.18888888888888888,5527.8460000000005,1366.0098,7,1
KH-16330,0.1388888888888889,3312.864,454.7871,8,1
FO-14305,0.22000000000000003,2678.438,215.59689999999995,10,1
GM-14455,0.16666666666666666,3078.624,793.2814,6,1
JM-15250,0.2894736842105264,3159.122,19.823500000000077,6,2
NH-18610,0.05454545454545456,2673.29,760.1665999999999,7,0
NP-18325,0.05714285714285715,5529.620000000001,1208.8890000000001,6,0
JK-15640,0.10000000000000002,4760.433999999999,1172.5303000000001,9,1
CJ-11875,0.2,16.52,1.652,1,2
SR-20740,0.03333333333333333,4345.8859999999995,1990.4243999999999,8,3
PJ-19015,0.08,1824.2340000000002,682.9979000000001,7,0
AB-10060,0.044444444444444446,7755.619999999999,2054.5885,8,3
CA-12310,0.11818181818181818,1421.954,246.02179999999998,4,0
AJ-10960,0.04,629.2479999999999,60.4265,3,0
CD-11980,0.4333333333333334,639.766,-206.7172,3,2
JK-15730,0.3325,4867.200000000001,55.04829999999997,10,1
EH-14185,0.2875,923.884,242.1107,6,2
GD-14590,0.13333333333333333,1888.07,230.9373,4,0
EM-13825,0.0625,2339.598,682.5541999999999,8,1
SP-20920,0.2714285714285714,3990.6890000000003,14.692400000000006,6,2
GH-14485,0.4666666666666666,1361.2440000000001,-95.4498,2,2
PN-18775,0.12307692307692308,1467.1520000000003,192.0396,8,1
RF-19345,0.13749999999999998,3309.149999999999,633.7072000000001,8,1
YS-21880,0.05000000000000001,6720.4439999999995,1778.2923,8,3
HF-14995,0.13157894736842105,2533.1639999999998,-13.876799999999974,7,1
BP-11230,0.06666666666666667,1181.49,-197.2695,5,0
BE-11335,0.022222222222222223,4204.676,1487.7739000000001,5,0
TG-21310,0.21111111111111114,3058.3720000000003,682.1704,5,2
CM-11935,0.2,565.392,-43.7324,2,2
JM-15265,0.13846153846153847,1804.146,502.61429999999996,5,0
JM-15655,0.1583333333333333,864.947,117.20400000000001,5,0
HJ-14875,0.10000000000000002,358.09999999999997,98.6548,5,0
LD-16855,0.2,5.304,0.4641,1,2
CH-12070,0.15000000000000002,1537.236,195.15109999999999,3,0
EC-14050,0.09999999999999999,461.914,96.4256,5,0
CC-12430,0.057894736842105256,2870.0500000000006,424.65830000000005,10,1
SP-20620,0.25000000000000006,5440.319,-270.4282,9,1
DL-12925,0.03571428571428571,3272.2000000000003,4.213199999999944,6,0
MC-17635,0.175,795.154,-247.94350000000003,4,2
TS-21655,0.19285714285714287,3368.094,220.9163,5,2
AY-10555,0.1,497.014,103.34989999999999,4,0
MC-17590,0.17058823529411762,2426.067,288.9841,6,0
JP-15460,0.14,1669.1349999999998,429.7465,7,1
LW-17215,0.16666666666666669,5420.514,837.2411000000001,7,1
SF-20965,0.2705882352941177,3336.5350000000003,539.9351999999998,9,1
CG-12520,0.2,1148.78,169.93439999999993,3,2
KL-16645,0.2,14175.229,806.8549999999999,12,3
MC-18100,0.26842105263157895,2218.98,-64.16680000000001,10,1
BP-11050,0.14285714285714285,983.42,209.78300000000004,5,0
EB-13930,0.17142857142857143,944.6000000000001,0.6041999999999987,5,2
LE-16810,0.25555555555555554,1469.4499999999998,161.76489999999998,6,2
AJ-10780,0.08666666666666666,4867.344,150.71299999999997,7,1
CL-12700,0.1875,2353.586,229.0099,5,2
CM-12445,0.07777777777777778,287.98999999999995,64.42960000000001,3,0
CS-11845,0.275,1278.9539999999997,185.37759999999997,5,2
JM-15535,0.09000000000000001,1733.443,356.53950000000003,7,0
DL-13495,0.05000000000000001,3539.322,-52.78799999999995,8,1
MS-17830,0.18,370.348,19.431199999999997,4,2
EB-13840,0.125,4358.128,656.1988,5,0
LA-16780,0.11538461538461539,8673.222,2059.1199,11,3
TB-21175,0.09090909090909091,3589.296,829.1635000000001,4,0
DK-13225,0.19473684210526318,4802.394,209.8994,9,1
HD-14785,0.29999999999999993,251.35999999999999,-135.87599999999998,3,2
RP-19390,0.14800000000000002,5153.084,465.2503,12,1
LW-17125,0.0,1259.04,192.6312,3,0
BF-11215,0.05,1585.162,523.2133,4,0
RH-19600,0.10909090909090909,2085.74,172.6261,3,0
AF-10885,0.2571428571428572,861.5649999999999,-163.11750000000004,4,2
SS-20590,0.0,418.49,135.54010000000002,6,0
ZC-21910,0.25483870967741934,8025.706999999999,-1032.1489999999997,13,1
BT-11680,0.06999999999999999,3196.7520000000004,447.74840000000006,7,0
SL-20155,0.17777777777777778,3053.012,527.9715000000001,7,1
PB-19105,0.12000000000000002,688.3239999999998,218.15970000000004,4,0
RD-19930,0.31,970.9420000000001,35.0574,4,2
BC-11125,0.1111111111111111,2933.6760000000004,251.5974,9,1
JG-15805,0.06666666666666668,1507.018,206.1019,6,0
RW-19630,0.1375,3279.745999999999,698.8324999999999,9,1
AC-10420,0.32,925.8,-62.13419999999999,3,2
RS-19420,0.0,3221.29,633.4513999999999,5,0
CD-11920,0.044444444444444446,2033.968,426.661,5,0
LW-16825,0.20666666666666664,2238.061,32.57670000000003,5,2
JE-15475,0.18461538461538465,1388.682,276.2197,6,2
JE-15715,0.32272727272727275,8697.842999999999,1262.2926000000002,10,3
TS-21160,0.22352941176470587,2163.624,260.87440000000004,6,2
JE-15745,0.14565217391304347,6760.815000000001,221.79670000000007,13,1
BF-11275,0.15000000000000002,791.9899999999999,25.870199999999997,3,0
CC-12685,0.25,2854.1150000000002,850.1591,4,2
RL-19615,0.21875,6234.909999999999,488.14840000000004,8,1
LS-16945,0.3071428571428571,2845.27,-318.7737000000001,6,2
MZ-17335,0.06666666666666667,593.606,85.01910000000001,4,0
CM-12115,0.028571428571428574,1661.6100000000001,409.0679,4,0
DP-13390,0.18571428571428575,5480.724,1571.8318,9,1
RD-19585,0.03157894736842106,2912.894,734.5157999999999,10,1
SU-20665,0.13333333333333333,2595.364,763.4719000000001,7,1
HM-14860,0.231,8236.7648,2437.9836000000005,10,3
LC-16930,0.17142857142857146,4492.946,288.26599999999996,8,1
SC-20095,0.06363636363636363,14142.333999999999,5757.4119,9,3
AG-10390,0.22499999999999998,200.94499999999996,69.2784,5,2
GA-14515,0.06428571428571428,3919.7760000000003,840.8990000000001,8,1
ML-17410,0.16666666666666666,2921.5,-76.17549999999994,6,1
BF-11080,0.0,272.95,110.9272,3,0
TB-21055,0.05555555555555555,1467.8809999999999,390.21129999999994,5,0
LT-17110,0.24642857142857144,2936.252,320.973,8,1
CS-12460,0.06666666666666667,550.644,156.2593,2,0
CC-12100,0.2153846153846154,1770.945,208.59120000000001,6,2
AB-10255,0.1,914.5319999999999,264.5675,9,1
ME-17725,0.2246153846153846,1908.4532000000002,77.81280000000004,8,1
VM-21835,0.11249999999999999,380.6899999999999,116.6373,5,0
CS-12250,0.05714285714285715,2754.2160000000003,738.3626000000002,12,1
