Order_Discount_Group,Order_Profit_Margin
0%,29.000000000000004
>20-30%,15.240217867651666
0%,48.00000000000001
0%,27.0
>0-10%,28.051301491028557
>30%,-107.50000000000001
0%,21.999999999999996
>30%,-41.49366672150024
0%,26.480967662305606
>20-30%,-29.269401155538993
>20-30%,-13.116258710401649
>20-30%,17.909344005568123
>20-30%,-8.530152555158633
0%,46.0
>10-20%,10.0
0%,8.862179785129017
>0-10%,31.129203331238216
>30%,-48.9145590555188
0%,48.99999999999999
>20-30%,16.14321454722968
>30%,3.7830997258067622
>10-20%,12.5
>10-20%,30.0
>30%,-70.0
0%,1.9999999999999998
>10-20%,4.999999999999999
>10-20%,21.882157123834887
0%,26.0
>10-20%,36.25
>0-10%,5.33820441022051
0%,31.25925925925926
0%,36.0
>10-20%,25.0
>20-30%,-2.857142857142857
0%,28.999999999999996
>0-10%,13.107658996885249
>10-20%,36.25000000000001
>10-20%,12.161062225015714
0%,40.350211528291915
>10-20%,22.59358742365981
0%,25.0
>10-20%,31.25
>30%,-5.40803429136671
>0-10%,14.444444444444446
>10-20%,27.500000000000004
>10-20%,22.5
>10-20%,-8.261627454035525
>30%,-66.3637473405183
>0-10%,36.43786319773951
>0-10%,9.649567831642239
>30%,-42.5
>10-20%,12.5
>10-20%,36.39541529631513
>10-20%,-22.5
0%,30.000000000000004
>10-20%,-6.25
0%,33.0
>10-20%,36.25
0%,46.0
>10-20%,31.249999999999993
0%,50.0
0%,25.65373289450892
0%,48.00000000000001
0%,42.0
>30%,-170.0
0%,42.99999999999999
0%,35.46940970408383
0%,26.0
>30%,27.665833803498025
>10-20%,30.49647022713321
0%,32.33285024154589
>30%,6.375427041876519
>10-20%,35.0
0%,47.0
>10-20%,10.0
>10-20%,10.0
0%,47.0
>10-20%,-22.5
0%,46.327977839335176
0%,45.00000000000001
>30%,-119.95909175971553
0%,39.757261283389624
>10-20%,17.039611752360965
>30%,-160.0
>30%,-32.600643005236805
>10-20%,8.75
0%,16.189452205305294
>10-20%,37.49999999999999
>10-20%,10.940585741611953
0%,29.000000000000004
0%,27.999999999999996
>30%,5.407727171958519
0%,34.743840377335076
>30%,-155.0
0%,26.0
>0-10%,47.530535635303764
>30%,-42.588801184015786
>10-20%,-1.25
>20-30%,-10.0
>10-20%,12.5
>30%,-4.09345164991231
>0-10%,38.035497203987354
>10-20%,36.11152694610779
0%,28.999999999999996
>30%,-53.11484531493434
0%,46.0
0%,26.0
>0-10%,26.10144677919394
>30%,-76.70619279378923
0%,50.0
>10-20%,-16.25
>10-20%,35.0
>30%,-87.5
0%,26.0
>10-20%,37.5
>0-10%,26.225150749344415
>30%,4.093826344115649
0%,27.999999999999996
0%,46.0
>0-10%,29.222217830949816
>0-10%,30.171779364285378
>30%,-29.149196841818675
>10-20%,8.75
>0-10%,32.79009126466753
>0-10%,21.72034553086042
>10-20%,35.0
0%,48.02229386725016
>30%,-20.0
0%,19.40175914580781
>30%,-68.29812755997659
>10-20%,-17.5
0%,48.0
>10-20%,20.0
0%,46.49788672865596
0%,48.0
>10-20%,28.750000000000004
>0-10%,18.14430137523199
0%,44.72611944621444
>10-20%,-3.991966495335998
>10-20%,33.75
>30%,-129.973034176574
0%,37.99999999999999
>10-20%,33.75
0%,39.0
0%,30.0
>30%,-259.99999999999994
>30%,-15.656449506485668
>30%,-83.33333333333334
0%,49.0
>10-20%,-22.5
>30%,-165.0
0%,27.121318090114325
>10-20%,-3.8115342987235956
>10-20%,32.5
>10-20%,36.24999999999999
>30%,-66.66666666666667
>30%,-275.0
>10-20%,17.5
>10-20%,11.25
>0-10%,15.565961559996936
>20-30%,16.82761372705507
>30%,20.47903169050527
0%,22.574854844831343
>10-20%,11.25
>0-10%,30.58005563841732
>30%,-25.0
>30%,1.769287682168202
0%,37.33414211438475
0%,15.999999999999998
>10-20%,31.432947800168133
>20-30%,-2.433962264150943
0%,2.0
0%,46.97600441565232
>0-10%,4.0081374637655856
0%,31.2958115183246
0%,34.0
>0-10%,13.64070929863535
0%,34.0
>10-20%,8.75
>10-20%,37.5
0%,17.0
0%,30.0
>10-20%,19.39477848101266
>20-30%,-10.43473534057868
0%,47.0
>20-30%,-9.775356664386296
0%,35.712667229118956
0%,33.18293335132088
>10-20%,8.79118894084607
0%,48.0
0%,8.009746588693956
0%,11.326572979878634
>30%,-165.0
>0-10%,18.34167679006083
>0-10%,34.49525576768565
>0-10%,31.99719132827777
>10-20%,-17.5
>10-20%,6.25
>30%,-85.8868769470405
>10-20%,11.25
>0-10%,27.517804379119625
>10-20%,18.75
0%,34.0
0%,47.99999999999999
>10-20%,-21.250000000000004
>0-10%,38.65386123088985
>30%,24.98977771977902
0%,48.0
>10-20%,35.0
0%,45.0
>10-20%,-1.0955567735775666
0%,26.5695056870547
>20-30%,5.197491195858292
0%,18.0
>10-20%,20.0
>10-20%,-20.0
>10-20%,36.25
>10-20%,32.5
0%,37.0
>10-20%,1.2500000000000002
0%,13.688044984108874
>30%,-34.90177736202058
>0-10%,12.222222222222221
>10-20%,16.157180969319697
>30%,-35.0
0%,35.88067220906842
>10-20%,35.0
0%,15.000000000000002
>20-30%,8.57142857142857
0%,47.00000000000001
0%,28.999999999999996
0%,1.0
>20-30%,32.43362004487659
0%,26.36830986694391
>0-10%,30.275881302989728
>10-20%,7.5
0%,47.0
>30%,-17.766262547255895
>10-20%,12.5
0%,46.0
>10-20%,7.795979942206357
>10-20%,-6.260121457489879
0%,23.240200122616734
0%,36.852589641434264
>30%,-86.57005081406201
0%,36.0
>30%,-70.0
0%,31.146399707911065
>10-20%,-20.0
0%,13.106534176452875
>30%,-7.2112105549372085
0%,32.39769256871394
0%,37.733836715431806
>30%,-70.74416465783571
0%,41.44925575101488
0%,29.516375965605228
>10-20%,28.749999999999996
>30%,-9.082832505879276
0%,50.0
0%,48.0
0%,31.0
>0-10%,1.4860266868486558
>0-10%,18.360679897818823
>30%,-66.66666666666667
0%,38.99999999999999
>10-20%,35.0
0%,26.0
>10-20%,10.0
0%,20.542994600726907
>10-20%,26.25
>30%,-76.66666666666666
>30%,-150.0
>30%,-150.0
0%,27.999999999999996
>10-20%,-1.25
0%,25.999999999999996
>30%,-49.49605848922069
>10-20%,33.75
0%,47.0
>10-20%,6.25
0%,17.370010550378055
>30%,-170.00000000000003
>0-10%,46.24331073849447
0%,47.99999999999999
>0-10%,37.24698190125451
0%,50.0
>10-20%,6.25
>30%,-73.99999999999999
>30%,31.48442186425551
0%,26.0
>0-10%,12.98752459522837
>0-10%,15.253864182297407
0%,40.0
>10-20%,36.24999999999999
>20-30%,18.153995248218084
0%,42.58808790520436
>10-20%,37.50000000000001
>30%,-67.14006514657981
0%,42.00000000000001
>0-10%,22.18579619093645
>20-30%,-2.857142857142857
0%,13.999999999999998
>10-20%,-8.660460685833046
>30%,-23.289804469273744
>0-10%,33.05161009008341
0%,25.0
0%,30.0
>10-20%,11.249999999999998
>20-30%,2.5469642149001057
0%,30.0
0%,46.0
0%,23.0
0%,21.361025625164306
>20-30%,-13.186952638628254
>0-10%,17.432527448753312
>10-20%,0.0
>10-20%,23.486842105263158
>10-20%,21.23296422487223
0%,29.000000000000004
0%,46.61076713076714
0%,32.0
>0-10%,42.63441541973116
>0-10%,27.719867052705645
>30%,-14.744579862591117
>30%,-77.04019417020378
>20-30%,-14.3700921250114
0%,50.0
>30%,-170.00000000000003
0%,46.0
0%,46.0
0%,5.0
0%,31.0
>0-10%,33.459803870155746
>30%,31.641516633711454
>0-10%,2.2222222222222223
>20-30%,-15.714285714285714
>30%,-2.1963451277280535
0%,40.852750676395836
>30%,-212.7310412456912
>0-10%,35.7837468237031
>10-20%,15.0
0%,27.31478503270076
>10-20%,36.25
>0-10%,10.685510216248085
>10-20%,33.75
0%,28.999999999999996
>10-20%,33.75
>10-20%,22.781173594132028
0%,26.0
0%,47.99999999999999
>30%,-4.590907668721257
>0-10%,1.439606612722702
0%,36.0
0%,30.000000000000004
>30%,12.204530017242282
>10-20%,12.5
>10-20%,36.25
0%,41.0
0%,46.00000000000001
>10-20%,35.0
>0-10%,36.91999478656447
0%,46.0
>0-10%,35.14492212385493
0%,28.999999999999996
>30%,6.9954403248352515
0%,40.0
0%,25.475791078917272
0%,44.0
0%,25.0
0%,48.99999999999999
>30%,-90.0
>20-30%,-22.641728877455726
0%,27.0
0%,25.0
0%,33.0
0%,26.0
>10-20%,11.25
>10-20%,10.0
>0-10%,21.11111111111111
>10-20%,12.5
0%,35.00496301598664
>10-20%,13.749999999999998
>10-20%,0.24917296427812663
0%,27.00566824201584
>20-30%,-8.571428571428571
>10-20%,36.25
>10-20%,-5.0
>10-20%,11.25
>10-20%,31.25
>0-10%,33.43361425594667
0%,1.0
>10-20%,34.475190839694655
0%,30.304368734904997
0%,25.458321581497913
0%,17.0
0%,45.0
0%,27.0
>0-10%,39.25254886680954
0%,22.0
>10-20%,5.0
0%,26.999999999999996
>30%,21.933035337775152
>10-20%,10.0
0%,47.0
>10-20%,-9.756994261119083
>20-30%,28.88323718792637
0%,30.000000000000004
>10-20%,35.0
0%,26.999999999999996
0%,25.0
0%,13.0
>10-20%,18.451882845188287
>30%,-73.33333333333333
0%,47.0
0%,37.0
0%,26.151144178325826
>10-20%,28.273543287788737
>10-20%,1.1764705882352942
0%,19.0
>10-20%,22.247550353837774
>20-30%,-15.689586720611032
>20-30%,1.034765086976483
>0-10%,43.49003581959589
>10-20%,31.25
0%,38.89195148842337
>10-20%,33.75
>30%,9.249705211252508
>30%,-130.0
0%,45.365287978353315
>10-20%,-4.189066394881934
>30%,-70.0
>30%,-73.33333333333333
0%,42.01790763430726
>0-10%,22.170392055691828
0%,30.81922196796339
>0-10%,12.718185070606308
>10-20%,12.446752672725767
0%,27.22525964591293
0%,49.0
>10-20%,35.0
0%,23.612244897959187
>20-30%,-45.53373933959602
0%,47.99999999999999
>10-20%,-3.0776115292821737
0%,32.99999999999999
0%,46.0
>10-20%,6.25
0%,49.0
0%,27.9202821706856
>30%,14.120272389328129
>10-20%,16.25
>10-20%,17.430817610062892
>0-10%,1.1111111111111112
>10-20%,12.5
>0-10%,14.803037275655775
0%,50.0
0%,25.776367211204704
>10-20%,36.25
0%,27.826856391247162
0%,19.86727480409934
>30%,-134.7532912427441
0%,41.0
0%,48.99999999999999
>10-20%,12.5
>10-20%,36.25
0%,43.0
0%,46.0
>0-10%,-2.862343978622409
0%,32.825651302605216
>30%,-17.722314660750595
0%,33.78860783567896
0%,27.054816391697713
0%,44.0
0%,50.0
>10-20%,25.31401646534311
>0-10%,39.44257112750263
0%,27.619234543670263
>10-20%,11.249999999999998
0%,22.86963101800381
0%,28.089310378579434
0%,3.0
>0-10%,43.7403705732019
>0-10%,38.62201312368453
0%,34.0
>20-30%,-7.142857142857142
>10-20%,-1.25
0%,41.58450642651045
>10-20%,12.600408969115781
0%,48.0
>10-20%,35.0
>10-20%,-4.128945504449068
0%,3.9999999999999996
>0-10%,6.666666666666665
>30%,-78.77749582918587
0%,45.35222672064777
>0-10%,26.988497547055484
>0-10%,20.724850074898495
0%,15.44249872938132
0%,33.11105969458585
>10-20%,12.5
>0-10%,-2.8120568665236516
>10-20%,23.75
>10-20%,12.5
>10-20%,33.75
>10-20%,8.75
>10-20%,7.5
>30%,7.98624651312211
0%,26.692396461084755
>20-30%,-4.285714285714286
0%,1.0
>10-20%,-6.25
0%,1.0
0%,37.23404255319148
0%,25.04013865434184
0%,45.0
>30%,11.336903646181996
>10-20%,32.50000000000001
>10-20%,5.88235294117647
0%,48.0
>10-20%,-23.75
0%,31.0
>10-20%,-16.25
0%,22.318456923319825
>30%,4.688493880107942
>10-20%,6.350488288160781
0%,49.0
0%,43.067343867569605
0%,28.000000000000004
>20-30%,0.3679144572582218
>10-20%,34.13745387453875
>10-20%,-9.192605670220878
>20-30%,12.113492879166053
0%,30.74694743584611
0%,25.999999999999996
0%,44.47745039085989
>10-20%,-3.342000487527424
>10-20%,32.5
>10-20%,37.5
0%,15.345657212228234
0%,46.0
0%,30.0
>0-10%,28.54289940828403
>0-10%,39.65929203539823
>10-20%,1.25
>10-20%,39.88129638142773
>10-20%,-3.1298012692050765
0%,18.440925580939304
>0-10%,12.855634035249853
0%,47.99999999999999
0%,27.15098441840802
0%,45.24119959769589
>10-20%,-2.508428018479211
>10-20%,10.0
0%,36.0
>0-10%,-2.285048141271966
0%,32.549947698744774
>10-20%,6.25
>10-20%,6.25
>10-20%,9.230900659852857
>30%,-23.52941176470588
>10-20%,6.25
>30%,-160.0
>10-20%,7.500000000000003
0%,26.0
0%,26.0
0%,25.0
>10-20%,-5.393217565233202
>10-20%,32.5
>30%,18.768536561872512
0%,50.0
0%,27.0
>30%,-118.58774662512978
0%,46.587286884534116
>20-30%,-14.975542268513822
>20-30%,17.095667640706388
>10-20%,36.10849056603774
>0-10%,17.77777777777778
>10-20%,27.500000000000004
>10-20%,-7.5
0%,47.99999999999999
>30%,-83.33333333333334
0%,19.700211284138042
0%,19.0
>10-20%,5.88235294117647
0%,9.26101134831949
>10-20%,8.75
>10-20%,35.0
0%,14.000000000000002
0%,36.00672758309067
0%,49.00000000000001
0%,33.93103448275862
>30%,-155.0
0%,47.0
0%,48.99999999999999
>0-10%,43.25760960625524
>20-30%,-20.228605912974576
0%,22.170271634480567
>30%,-5.035411817146251
0%,28.28210205141522
>30%,-18.29155457389032
0%,42.0
>30%,-66.66666666666667
>10-20%,12.394275700934578
>30%,-22.089727660891853
>10-20%,-0.011401056596621991
0%,19.0
0%,35.10369700034602
>10-20%,30.0
>10-20%,-6.25
0%,48.86324926301997
>10-20%,16.25
0%,30.8141244870041
>10-20%,28.342637663522964
>10-20%,11.249999999999998
>0-10%,15.154289873462066
>10-20%,32.5
0%,45.19553409776705
0%,36.0
>0-10%,33.90779917903379
0%,29.000000000000004
0%,27.93380358111774
>10-20%,26.155547860880272
0%,27.0
0%,10.0
0%,31.87063197026022
>0-10%,31.54380274466948
>10-20%,35.0
>10-20%,16.162220506662088
>10-20%,7.5
>30%,-50.50840037213376
0%,47.0
>10-20%,7.5
>10-20%,27.499999999999996
0%,30.000000000000004
>0-10%,24.044060522568884
0%,28.075039914848322
>20-30%,-8.340390159463515
>30%,-155.0
>10-20%,10.0
0%,33.0
0%,5.0
0%,26.19798255269513
>10-20%,7.500000000000001
0%,28.130168921226407
>20-30%,8.864725983181126
>30%,-22.278291047226
0%,29.270352116857673
>10-20%,7.500000000000001
>10-20%,17.5
>30%,-9.716267776621574
>10-20%,2.8237650200267024
>20-30%,12.826206710181681
0%,48.99999999999999
0%,29.917119565217394
>30%,-8.3105156076486
0%,49.0
>10-20%,6.25
>30%,-105.080324799188
>30%,-149.99999999999997
0%,27.999999999999996
>10-20%,26.25
0%,46.0
>30%,-12.702875021362184
>10-20%,32.39191729323308
0%,45.5932426948052
0%,28.999999999999996
>0-10%,34.17784212130449
>10-20%,-21.250000000000004
>10-20%,10.0
>20-30%,0.0
>10-20%,36.24999999999999
>10-20%,35.0
0%,29.175199242257534
>10-20%,11.249999999999998
>10-20%,11.249999999999998
>10-20%,6.528007705505223
0%,47.89058974202599
0%,43.00000000000001
>0-10%,41.39788433582964
>30%,-26.044312685286314
0%,41.936908517350155
0%,38.36762449065989
>30%,-5.7870030805339585
0%,38.0
0%,23.986591106847236
0%,48.00000000000001
0%,20.437400892429103
>10-20%,14.070965588526638
0%,36.0
>30%,-26.567778090733384
>10-20%,-23.75
>20-30%,10.460425694621463
0%,48.00000000000001
>10-20%,35.0
0%,32.0
0%,48.0
0%,34.0
>10-20%,10.0
>10-20%,31.25
>10-20%,28.749999999999996
>30%,-150.00000000000003
>30%,-117.5
0%,24.000000000000004
0%,24.0
0%,39.0
>10-20%,26.249999999999996
0%,13.0
0%,25.750980816162617
>30%,-80.0
>10-20%,-16.25
>10-20%,6.484832557441058
>0-10%,31.840521923054936
>10-20%,16.25
>20-30%,-0.8045277507302823
0%,47.99999999999999
0%,10.999999999999998
>30%,-8.728513816749572
>10-20%,36.25000000000001
>10-20%,1.4085908606531685
>30%,-14.722572631824091
0%,48.0
0%,49.73066924481685
0%,49.0
>10-20%,-4.458239277652369
0%,33.0
>10-20%,8.75
0%,47.00000000000001
0%,48.00000000000001
>10-20%,13.711304782432135
0%,48.99999999999999
>0-10%,37.335530930004204
>30%,-68.70572658060244
>10-20%,10.0
0%,24.09724050836983
0%,47.0
>0-10%,36.15459332943241
>10-20%,32.5
>30%,16.601765904460038
>0-10%,22.222222222222225
0%,50.0
0%,42.00000000000001
>10-20%,-18.749999999999996
0%,34.0
>0-10%,33.570508646262944
0%,26.0
0%,30.0
0%,30.0
>30%,-78.10139679255043
>20-30%,-48.058068106185424
0%,47.92372591884138
0%,10.0
0%,49.0
>0-10%,36.97406948218101
>30%,0.7547055911719598
0%,50.0
0%,47.0
>10-20%,31.25
>20-30%,25.85406044627106
>10-20%,35.0
>30%,-80.0
>0-10%,28.75880646498135
0%,21.405754389470268
0%,47.123402929261445
0%,47.99999999999999
>10-20%,10.0
>30%,-66.66666666666666
>10-20%,31.84836590836271
>10-20%,33.75
>30%,-204.99999999999997
>0-10%,11.02558505765519
0%,24.000000000000004
0%,48.275167785234906
>10-20%,8.75
0%,46.0
0%,26.0
0%,50.0
>0-10%,19.15051149550378
0%,0.0
>10-20%,0.0
>20-30%,15.276523308076875
>10-20%,16.93979131588973
0%,48.00000000000001
>10-20%,12.238734230556506
>0-10%,28.390565285502
>10-20%,-2.5
0%,48.0
0%,47.0
0%,37.00000000000001
>10-20%,35.234511132623425
>30%,-13.924398211262496
>20-30%,30.019432240621835
>30%,-254.99999999999997
>10-20%,32.5
>10-20%,33.75
>30%,5.97503154040883
>10-20%,35.0
0%,27.959783449342613
>30%,-265.0
>10-20%,-18.75
>10-20%,36.25
>30%,13.265589497601615
>10-20%,33.75
>0-10%,5.809323766881268
0%,1.0
>20-30%,-2.5322183964584353
>30%,-76.66666666666667
0%,26.0
0%,49.00000000000001
0%,23.0
0%,18.0
>10-20%,28.750000000000004
0%,37.47243779101787
>10-20%,17.5
0%,45.42234332425068
0%,26.90390162441172
>10-20%,10.0
>0-10%,9.790240945376462
0%,29.78600317781308
>0-10%,-1.2922303588952984
0%,47.0
>20-30%,13.317573795450066
0%,29.000000000000004
0%,45.0
0%,47.99999999999999
0%,27.966805115223604
0%,26.0
>0-10%,15.113333333333333
>20-30%,-25.543564338201442
>10-20%,32.5
0%,34.997445721583645
0%,46.00000000000001
>30%,-21.920262539358728
>20-30%,-12.237122745294089
>10-20%,34.568141063956965
>30%,-17.84709366901148
>0-10%,24.141814417784335
0%,30.0
>20-30%,10.455014749262538
>10-20%,31.249999999999993
>0-10%,12.637083070699132
>30%,-1.6472191808370384
>0-10%,41.950655645089356
0%,17.000000000000004
>10-20%,33.75
0%,33.0
>10-20%,-10.61576946702157
>0-10%,38.87679621657673
0%,29.905719237435008
0%,11.174834058500332
>30%,-65.0
>0-10%,32.247359873602846
>0-10%,12.358420990367163
>10-20%,11.25
0%,4.0
>30%,8.412274849899932
>0-10%,28.734567901234563
0%,49.0
0%,46.17754569190601
0%,28.356486013085362
0%,24.000000000000004
>10-20%,35.0
>10-20%,36.25000000000001
>10-20%,10.0
>10-20%,-3.75
0%,48.0
>10-20%,31.249999999999993
>10-20%,8.807206284153006
>30%,9.501649591943046
0%,48.26199851016282
>0-10%,31.12312961961421
0%,25.770401623584704
0%,46.0
>10-20%,35.0
>0-10%,33.81591211717709
>10-20%,-12.5
0%,45.016624128455625
0%,19.0
0%,34.0
>10-20%,7.5
>10-20%,13.325126801805725
0%,35.63999036763526
0%,31.498093305239205
>10-20%,11.249999999999998
>0-10%,10.571830204975281
>10-20%,10.588235294117647
>30%,32.800047270148895
>0-10%,25.65576143053895
>30%,-76.66666666666666
>0-10%,6.671221967380224
>0-10%,11.111111111111112
>30%,-28.782892851000398
>10-20%,6.25
>10-20%,3.926834754295018
0%,25.0
>0-10%,44.90134897799036
0%,48.99999999999999
0%,42.0
>10-20%,30.16511127063891
0%,36.00000000000001
>20-30%,-11.351081366213899
0%,33.665139865859636
0%,30.0
0%,26.177043854899836
0%,16.599595813862205
>10-20%,15.000000000000002
0%,26.0
>30%,-270.0
>30%,-20.82958757104947
0%,29.921641791044777
0%,27.0
0%,45.0
0%,15.490765465064532
0%,49.0
0%,26.0
>20-30%,-10.730794761933497
0%,0.0
>30%,-80.00000000000001
>30%,-165.0
0%,31.905076351630214
0%,48.00000000000001
>10-20%,37.49999999999999
>10-20%,5.475097666673783
>10-20%,7.5
0%,36.0
>30%,-49.58951073514129
>20-30%,-20.0
>10-20%,33.073000321233536
>30%,-74.47461544016754
>20-30%,4.113208699902248
0%,43.00000000000001
>30%,0.47943707160565874
0%,31.188630490956076
0%,21.0
>10-20%,-3.75
0%,46.0
>10-20%,35.0
>10-20%,7.5
0%,23.698924510488077
0%,19.020001468896126
0%,27.0
>10-20%,11.712923856642934
0%,37.63622170179548
0%,27.315872598052117
>10-20%,6.25
>10-20%,11.25
>0-10%,16.4956130418112
>30%,-73.33333333333333
>20-30%,-10.877890893684894
0%,48.0
>30%,-160.0
0%,45.741464838050774
0%,30.000000000000004
0%,39.551485551485555
0%,25.999999999999996
>10-20%,7.5
0%,45.614891913530826
>30%,-134.35022909164866
>30%,-61.296367671881015
0%,35.92203082502266
0%,3.0000000000000004
0%,36.60174681256902
>30%,-150.0
>10-20%,31.25
0%,45.391226499552374
>0-10%,22.059374174503805
>0-10%,22.222222222222225
>10-20%,-11.249999999999998
0%,25.999999999999996
0%,46.0
0%,25.053291816538714
>30%,-101.85814474730677
>20-30%,-32.857142857142854
>10-20%,26.25
0%,32.99999999999999
0%,26.999999999999996
0%,27.999999999999996
>30%,1.6985855664512644
0%,45.0
0%,29.558883538725212
>20-30%,27.202335444101223
>30%,25.881604073838314
0%,4.0
>10-20%,17.733666061705993
0%,48.99999999999999
>0-10%,12.147962712869328
>0-10%,23.63172234046764
>10-20%,35.0
>30%,-50.11481369577295
>0-10%,13.892954619932393
>10-20%,10.0
>30%,-50.748036057231715
0%,0.0
0%,46.0
0%,36.63904962897406
>0-10%,7.45031895038859
>10-20%,37.5
>10-20%,33.75
0%,33.61013695915992
0%,30.411630950281676
>0-10%,19.054178036519097
0%,37.0
>0-10%,27.828833642392432
>10-20%,1.25
0%,29.329402515723267
>30%,-73.33333333333333
0%,27.999999999999996
0%,21.0
0%,48.166336419641894
>10-20%,16.25
>10-20%,33.92680201154777
>10-20%,26.25
0%,30.000000000000004
>10-20%,16.249999999999996
>10-20%,33.75
>20-30%,-0.595443178660739
>10-20%,14.505305572623719
>10-20%,20.0
>10-20%,18.439700704225352
0%,31.0
>30%,-73.1044600938967
0%,43.622594967932905
>10-20%,-13.749999999999998
0%,49.00000000000001
>0-10%,25.388973611251707
>0-10%,39.29820451012638
0%,6.034935766024327
>10-20%,7.5
>10-20%,33.340115593300304
>30%,-2.6411641055378383
>10-20%,32.49999999999999
>10-20%,-11.25
0%,3.0
>10-20%,14.055380912770573
0%,49.64548919949174
0%,27.536059850374066
>10-20%,-5.0
0%,25.0
0%,21.50135992747054
0%,45.38613861386139
0%,33.059457840347456
>10-20%,33.98186252860641
0%,39.492369014527725
>0-10%,-17.05164397210229
>10-20%,9.06104166226746
0%,46.0
0%,38.72612883929124
>10-20%,13.135714285714284
0%,47.99999999999999
>10-20%,8.148647663483269
>0-10%,14.124880001634022
>0-10%,14.734884402198627
>30%,-150.0
0%,31.169921875
>0-10%,47.039861672893444
>30%,31.405457000512175
0%,28.310573671112248
>0-10%,-1.1111111111111112
0%,38.0
0%,47.0
>30%,8.747449765159978
0%,39.0
0%,47.58127080176091
0%,29.000000000000004
0%,34.247747747747745
0%,49.0
0%,43.0
0%,34.0
0%,34.108007448789564
>10-20%,-15.675503904122026
>10-20%,16.25
>30%,-136.66666666666666
0%,28.000000000000004
0%,28.000000000000004
0%,28.999999999999996
0%,0.9999999999999999
0%,46.0
>10-20%,13.889556440538314
>30%,-34.19110677114346
0%,44.93566878980892
>20-30%,13.939435642142547
>10-20%,12.5
>10-20%,8.75
>10-20%,32.5
0%,27.030230572160548
>10-20%,1.25
>0-10%,28.469152125737914
>30%,-23.231070162478105
0%,26.0
>10-20%,20.0
>20-30%,16.429386944651277
>0-10%,16.723707403055233
>10-20%,18.749999999999996
0%,38.70230505149582
>10-20%,8.524176408076515
>10-20%,4.7058823529411775
0%,33.644277507733094
0%,27.999999999999996
0%,34.89090909090909
>10-20%,-7.950506120527306
0%,30.0
0%,32.25546277313866
>10-20%,12.5
>0-10%,32.61321324679777
>0-10%,14.203925759680814
>20-30%,12.988323239703794
>30%,7.885736854619976
0%,42.20084715848924
>30%,-208.52656029085034
>30%,-165.0
0%,38.0
0%,28.999999999999996
0%,28.999999999999996
0%,44.10088272383355
>30%,-14.95001824730654
0%,29.19624803879886
>20-30%,-3.6610998298932342
>0-10%,12.324371073953813
>0-10%,7.594935245143384
0%,31.010569754540317
>0-10%,32.669753086419746
>30%,-76.66666666666666
>30%,-21.08753709198813
>0-10%,39.34410718340777
0%,20.18644319193118
>10-20%,36.25
0%,40.239768637771185
0%,5.0
0%,25.999999999999996
>0-10%,33.06953557071133
>0-10%,34.23787654773275
0%,6.999999999999999
0%,30.173203748698363
>20-30%,6.933835723344065
0%,25.57482711459558
0%,5.0
0%,40.60414067373676
0%,47.0
>30%,-55.00000000000001
>0-10%,17.676666342838676
0%,49.00000000000001
>10-20%,32.5
0%,42.00000000000001
0%,0.0
>30%,-20.66922495493924
0%,45.0
>30%,-17.8255003654685
>30%,-81.782131661442
>30%,-40.0
>10-20%,27.500000000000004
>20-30%,10.315176745813915
>10-20%,35.0
>20-30%,4.62145029295904
>10-20%,36.25
>20-30%,9.730904476849133
>10-20%,10.0
0%,40.89257053449755
>10-20%,33.75
0%,26.0
>30%,-16.687564520868968
0%,25.414756015450585
>10-20%,32.5
0%,31.0
0%,28.999999999999996
>10-20%,0.9720120199162118
0%,28.999999999999996
>0-10%,13.408068471570331
>10-20%,-1.25
>0-10%,37.34263008101234
0%,48.73020753266718
>10-20%,6.25
0%,45.35120147874307
0%,37.00000000000001
0%,46.0
>30%,9.129901382531969
0%,26.0
0%,37.05400284225486
0%,48.00000000000001
>20-30%,-17.142857142857142
0%,30.0
0%,27.999999999999996
0%,32.0
>10-20%,-8.75
>10-20%,11.25
>30%,-73.33333333333334
0%,39.0
0%,50.0
>30%,-40.0
0%,26.999999999999996
>30%,-15.341227125941877
>0-10%,7.258284351307605
>0-10%,31.579270291919205
>30%,-1.9006584584435418
0%,20.394776660467166
0%,47.0
0%,32.0
>20-30%,3.628407515786231
>30%,-70.0
0%,46.0
>0-10%,18.544553633874276
0%,29.501573676680977
>10-20%,36.25
>10-20%,34.632462686567166
0%,26.224084199525997
0%,45.00666269432858
0%,46.0
0%,27.999999999999996
>10-20%,37.49999999999999
0%,29.000000000000004
>10-20%,35.0
>0-10%,43.93858913428385
>10-20%,35.0
0%,34.28738461538462
>30%,-70.0
>10-20%,-4.897212880569031
0%,26.999999999999996
>10-20%,33.75
>10-20%,25.0
0%,45.0
0%,17.310226630127453
0%,7.836065573770493
0%,37.99999999999999
>10-20%,12.229603014829728
>20-30%,-5.714285714285714
0%,3.0000000000000004
0%,20.0
>0-10%,1.2217371956517127
0%,36.0
>30%,19.191440287032293
0%,25.274512465895604
0%,47.0
>10-20%,-4.27519818799547
>10-20%,33.75
0%,29.000000000000004
>20-30%,-13.440178526144953
>10-20%,-22.5
>30%,-20.105338749879962
>20-30%,34.86947174447174
0%,28.999999999999996
0%,5.0
0%,27.999999999999996
>10-20%,10.0
0%,44.00000000000001
0%,49.00000000000001
0%,26.0
0%,47.0
>10-20%,32.5
>10-20%,-23.749999999999996
0%,8.88162107179185
>10-20%,-2.5
>10-20%,10.0
>30%,-66.0
>10-20%,9.139970756347202
0%,32.0
0%,21.605872339540348
>20-30%,-1.1121404885098247
>0-10%,14.97546466573872
0%,25.0
0%,49.00000000000001
0%,26.0
0%,26.0
0%,28.734887766366707
0%,29.87888673961371
>30%,19.08996449091177
>10-20%,18.75
>10-20%,7.5
0%,26.0
0%,25.0
0%,48.00000000000001
>20-30%,24.317561419472245
>10-20%,1.683212000882418
>0-10%,23.675247004970313
>10-20%,-21.25
>10-20%,35.0
>10-20%,11.736219526840399
>20-30%,-9.999846119518969
>20-30%,-3.053147088780144
0%,26.74425584765059
>10-20%,-23.75
>10-20%,12.135228095582912
>10-20%,-8.446918469860897
>10-20%,22.5
>0-10%,18.519242004611485
>30%,-126.56905359197899
0%,48.00000000000001
>0-10%,28.485562462402243
>10-20%,7.9862740817551705
>10-20%,44.83729908603845
0%,27.999999999999996
>30%,-4.820657128136023
0%,30.0
>10-20%,35.0
0%,41.0
0%,45.80538202787121
>10-20%,10.0
>0-10%,31.96864406182385
0%,41.316250227977385
>10-20%,22.049246501614636
0%,28.999999999999996
>20-30%,-3.851062241902582
>10-20%,25.0
0%,30.096247960848295
>10-20%,12.5
0%,27.020902888663084
>30%,-131.03519713895295
0%,32.99999999999999
0%,30.838264764823762
0%,48.00000000000001
>30%,-250.0
>10-20%,32.49999999999999
>10-20%,9.230699843184057
0%,31.670096217967036
0%,25.208813546961935
0%,25.0
>30%,-6.000000000000001
>10-20%,31.25
0%,35.0
0%,26.0
>30%,-270.0
0%,30.999999999999993
>10-20%,37.50000000000001
>20-30%,-6.703194054423278
>10-20%,-23.75
>30%,-62.0
0%,35.87141216991964
>10-20%,35.0
>10-20%,18.106075283697756
>10-20%,27.500000000000004
>0-10%,11.052259534620696
0%,26.0
0%,45.486055776892435
0%,4.529622119195269
>30%,-66.66666666666667
>0-10%,43.74574829931973
0%,26.0457825329684
>0-10%,29.594424632846355
>30%,19.180064308681672
0%,50.0
>30%,-70.0
0%,28.999999999999996
>20-30%,11.168154934477561
0%,42.94255074684029
0%,25.353125399215692
0%,46.0
>30%,1.4948850511494876
0%,28.999999999999996
0%,33.0
0%,46.0
>30%,-20.119845057461426
>30%,-24.951483222692087
0%,12.674733987064467
0%,46.0
0%,31.138410440303332
0%,47.0
0%,27.0
0%,2.6405412143220004
>20-30%,-0.9090909090909091
0%,33.25389151569888
0%,17.031458720309843
0%,26.00044343713047
>10-20%,11.249999999999998
0%,26.999999999999996
0%,0.0
0%,25.999999999999996
>0-10%,36.80248786407766
0%,25.74901375413157
0%,6.0
>30%,-66.66666666666667
>20-30%,13.667502423638325
>10-20%,17.64705882352941
0%,28.999999999999996
>30%,-165.0
>20-30%,-18.207088899954442
>0-10%,37.234260614934115
0%,46.0
0%,45.092592592592595
0%,10.0
0%,48.00000000000001
>10-20%,15.0
>10-20%,35.0
0%,36.0
0%,13.770204235058262
>30%,0.19224222065866173
>10-20%,7.5
>0-10%,15.089280112199896
0%,21.0544762939818
0%,50.0
0%,26.27154680032638
0%,36.0
>30%,-5.243808358383656
>0-10%,13.554666116889303
0%,28.000000000000004
>30%,-56.666666666666664
>20-30%,-1.4285714285714286
>20-30%,2.4400658503961314
>30%,-43.63636363636363
0%,45.0
0%,15.371464248159834
0%,27.999999999999996
0%,28.999167360532894
>20-30%,-7.563989071065964
0%,1.9999999999999998
0%,49.32170272156315
>10-20%,26.25
>30%,-13.00625750121394
0%,44.00000000000001
>30%,-7.545696223463118
>30%,-37.5
>20-30%,26.909377508860565
0%,36.12516113910699
>20-30%,-7.407435863288839
>30%,-39.23972195251353
0%,27.999999999999996
>10-20%,-8.663001224772353
>10-20%,-3.216255233944168
0%,4.0
0%,34.0
0%,39.887664504754106
0%,14.981555766924446
>20-30%,-2.857142857142857
0%,27.0
>10-20%,-11.249999999999998
>10-20%,11.25
0%,25.0
>30%,-83.33333333333333
>30%,-37.15372901294638
>10-20%,7.500000000000001
>10-20%,36.24999999999999
>10-20%,0.549942731182331
0%,42.0
>20-30%,-10.0
0%,33.08477992204581
>10-20%,27.2644733315465
>10-20%,16.25
>10-20%,14.455637235631732
>30%,-73.33333333333333
0%,34.0
>10-20%,8.663693510023785
>30%,-25.792670743349305
>10-20%,6.563137293599105
>30%,-22.263465580458185
>10-20%,21.771038271367697
>10-20%,8.04662529802537
>10-20%,12.5
0%,36.0
0%,22.81535750718724
0%,47.66513971598718
>0-10%,23.640258233493267
0%,25.0
0%,48.00000000000001
>10-20%,17.5
>30%,1.8549801262567216
>20-30%,-17.531695801705364
>30%,-10.308358652789453
>30%,12.67301983373815
0%,29.000000000000004
>10-20%,31.744087837837835
>0-10%,16.666666666666664
>0-10%,15.474008349460208
0%,28.000000000000004
>10-20%,18.75
0%,44.0
0%,42.0
>30%,-2.9411764705882355
>10-20%,7.5
>10-20%,-20.0
>30%,-150.0
0%,7.000000000000001
0%,46.0
>30%,-72.32856541859488
0%,28.522827687776143
0%,17.0
>30%,-5.819982445096596
>10-20%,26.08080623630456
>0-10%,10.919296496855212
>20-30%,-7.142857142857142
0%,27.999999999999996
0%,27.000508388408743
>30%,-160.0
0%,31.993254973389874
0%,33.0
0%,33.0
>20-30%,-9.442455242966751
>10-20%,35.0
0%,20.81529807597
0%,14.8825063078217
>0-10%,25.435575364667752
>10-20%,17.5
0%,48.99999999999999
>10-20%,23.23053141553717
>0-10%,9.890305726553203
0%,50.0
>20-30%,-51.194297164947564
0%,30.0
>10-20%,12.5
0%,27.420811892510006
>10-20%,14.93764101121055
>10-20%,16.25
0%,4.0
0%,36.0
>30%,-99.71851542952462
>0-10%,27.11886545558537
0%,20.195721689271142
0%,28.000000000000004
>10-20%,22.075914003441408
>10-20%,35.0
0%,5.0
>10-20%,11.563435357729071
>10-20%,35.0
0%,48.99999999999999
>10-20%,8.75
0%,39.73794002607562
0%,40.02130249543518
>10-20%,11.25
>30%,-174.99999999999997
0%,28.000000000000004
>30%,23.04506608367286
>20-30%,7.048971528584054
0%,30.0
0%,3.405768075305428
0%,26.0
0%,46.0
0%,21.255618069950316
>30%,19.137814627349627
0%,46.0
0%,30.0
>10-20%,11.249999999999998
0%,25.335198791099995
>0-10%,35.65885961080048
>10-20%,25.0
0%,28.999999999999996
0%,38.99999999999999
0%,48.45429925524713
0%,41.14584035028629
>30%,-73.33333333333333
0%,39.60565351245452
>0-10%,5.3121020103604275
>30%,-80.0
0%,25.0
>20-30%,4.469123809571012
>20-30%,11.068290701722393
0%,29.000000000000004
0%,41.7735983303292
>10-20%,27.162857211923036
>30%,-104.99999999999999
>30%,-4.183135001175038
0%,21.0
>10-20%,31.25
0%,48.00000000000001
>30%,-8.781684546327337
0%,47.0
0%,31.310147006095374
>30%,-122.49999999999999
>10-20%,32.5
>10-20%,21.130080909266038
>20-30%,9.806050849002157
0%,43.27701442732358
>20-30%,-22.857142857142858
0%,44.0
>10-20%,13.981047776897022
0%,33.0
>10-20%,35.0
>10-20%,6.416473782604824
>20-30%,8.755856109554294
>0-10%,14.444444444444446
>0-10%,8.518275970648668
0%,30.0
>30%,-21.259177978270877
0%,32.0
>20-30%,-1.2578854739131287
>10-20%,16.249999999999996
0%,29.36577235614181
>30%,-174.41635577333557
>10-20%,17.591906902935733
>10-20%,36.25000000000001
>10-20%,36.24999999999999
0%,43.0
>0-10%,33.76933535866413
>0-10%,15.649396388111686
>30%,-73.33333333333333
>10-20%,21.551024690494508
>30%,-73.33333333333334
>20-30%,-27.142857142857142
>10-20%,-9.88060631229236
>0-10%,23.12516918878574
0%,5.0
0%,48.0
>10-20%,31.249999999999993
>10-20%,9.411764705882351
>10-20%,18.75
0%,20.0
0%,22.726285714285716
>0-10%,31.253602715309643
0%,39.0139679255044
>0-10%,19.44246241365299
>30%,-26.66666666666667
>30%,34.033543175399565
>10-20%,36.25
0%,45.0
>20-30%,18.731231915247896
>0-10%,48.70315338492718
>0-10%,26.549304065182305
0%,49.00000000000001
>20-30%,-10.0
>30%,-187.7853256645422
>20-30%,-0.8229303132996248
0%,44.99999999999999
0%,45.0
>30%,-10.15108373525481
>10-20%,8.75
>20-30%,-20.0
0%,25.700178546902897
0%,31.0
0%,27.0
>30%,-24.20416616050304
>0-10%,12.36771894292002
>10-20%,36.25
>10-20%,15.254197085101339
>10-20%,28.749999999999996
0%,32.0
>30%,-45.00000000000001
>30%,-80.0
>30%,-70.0
0%,27.0
0%,6.999999999999999
0%,27.0
>10-20%,5.882352941176471
>0-10%,43.74540059347181
>10-20%,37.5
>30%,-45.43526420751562
>30%,-14.492688164712304
>0-10%,44.78769114116012
0%,28.320711417096962
0%,15.999999999999998
0%,44.99999999999999
0%,27.002381519409386
0%,14.000000000000002
0%,0.0
0%,37.53289346262605
0%,38.19141991140126
0%,26.0
>10-20%,6.25
>0-10%,33.88756139652197
0%,27.0
>10-20%,32.71639960131871
>30%,-21.666666666666668
>30%,-24.910337799545577
>10-20%,12.5
>0-10%,10.207327586206898
>30%,-21.99592680082174
>10-20%,32.5
>0-10%,18.281615188234873
0%,18.626859945743018
>30%,-170.0
>30%,-171.22693659837557
>10-20%,-6.357933426372443
>10-20%,8.75
>10-20%,10.0
>10-20%,10.816401920945696
>10-20%,20.032817012339198
0%,30.0
>0-10%,30.466857187445136
>30%,-66.66666666666667
>30%,-254.99999999999997
0%,49.00000000000001
>30%,-72.99864468037046
0%,30.0
>0-10%,23.78165783598837
>30%,3.7792974558164856
0%,28.378022927665775
0%,30.501844826690228
>10-20%,12.5
0%,26.0
>30%,-21.70084098231181
>10-20%,7.5
>10-20%,-5.0
>10-20%,25.43110716625023
0%,47.66028708133972
>10-20%,37.5
0%,47.143255813953495
>10-20%,32.50000000000001
>30%,7.306224105023045
0%,28.39449247518412
0%,40.50594638177786
>10-20%,36.25
0%,4.0568690095846645
>20-30%,-22.857142857142854
>0-10%,28.653834937299504
0%,36.00000000000001
0%,41.791649177874696
>0-10%,22.105785640411085
0%,46.0
>30%,16.452520425466318
0%,26.0
0%,36.0
0%,47.104630280315455
0%,43.0
>20-30%,24.444726166328604
0%,19.0
>10-20%,12.5
>10-20%,31.571302816901415
>10-20%,3.2149029774530593
>10-20%,-6.624714950591436
0%,50.0
0%,21.596416676237514
>10-20%,11.135663651243034
>10-20%,-22.500000000000004
0%,22.4939233326061
>10-20%,4.647316965502915
0%,48.00000000000001
0%,50.0
0%,39.0
0%,31.07406632180127
0%,37.00000000000001
>0-10%,33.58675957133725
0%,39.48864089278597
>30%,-43.69369578372066
>10-20%,9.071678328601243
0%,49.0
>10-20%,10.0
>10-20%,7.500000000000001
>10-20%,37.5
>10-20%,-5.0
>10-20%,31.250000000000007
>0-10%,17.992092967533242
>10-20%,31.25
>30%,-68.2872605461473
>20-30%,12.051087506322709
>10-20%,11.250000000000002
0%,46.0
>30%,-6.666666666666667
0%,29.000000000000004
>20-30%,-18.571428571428573
0%,13.0
>10-20%,6.25
>10-20%,7.500000000000001
0%,29.221464316976885
>10-20%,19.608030592734224
>0-10%,22.962723965126656
>30%,-225.0
0%,50.0
>10-20%,7.5
>30%,-148.85732210073488
0%,33.0771336153272
>10-20%,5.833519465563604
>10-20%,18.75
>0-10%,18.88888888888889
>10-20%,33.75
0%,40.99999999999999
0%,31.823453210782805
0%,27.0
>30%,-116.12223828205659
>10-20%,36.25
0%,49.0
>30%,-17.02235363449775
>30%,-81.28191468371413
>30%,-112.33574007220217
0%,30.903004291845487
>30%,-8.639438737158608
>10-20%,10.002557775927288
>0-10%,37.64963235294117
>0-10%,31.13806436340203
0%,38.53067709606452
0%,40.38107670914096
0%,41.74466052158273
>10-20%,31.25
0%,33.0593471810089
0%,44.99999999999999
>10-20%,17.5
>30%,-16.66648309285163
0%,36.0
>30%,-45.45454545454545
>30%,-43.80092292162377
0%,28.599725691186023
>30%,-1.5826771653543312
0%,37.75752577319588
0%,13.999999999999998
0%,27.0
>10-20%,-16.25
>0-10%,9.729687347918716
0%,2.0
>30%,-15.266948338774725
>0-10%,30.691279767003593
>30%,-15.761845221944368
0%,27.803424396095757
>10-20%,31.25
0%,47.0
>30%,-169.75453184236514
0%,31.0
0%,35.0
>10-20%,10.0
>10-20%,7.500000000000001
0%,21.91683569979716
0%,20.69633209168093
0%,45.0
0%,44.99999999999999
0%,46.98422685304942
>10-20%,35.0
0%,16.557978966620944
>30%,-178.93040334108812
>30%,-171.56236227412958
0%,48.00000000000001
0%,26.0
>10-20%,36.25000000000001
0%,36.13791922558845
>10-20%,36.25
>20-30%,1.9203831950552943
0%,2.206510075116251
0%,45.0
0%,43.99999999999999
>10-20%,32.82281553398059
>0-10%,13.227903057470872
>30%,-11.664735180136896
>10-20%,7.5
>10-20%,33.75
0%,48.99999999999999
0%,1.0
>20-30%,-24.28571428571428
0%,27.270091696607672
>30%,25.028219925169637
>10-20%,16.41643817730774
0%,29.19037228964953
>10-20%,6.25
0%,47.0
>30%,-165.0
0%,10.659582689335394
>30%,-43.33333333333333
0%,44.99999999999999
0%,48.99999999999999
0%,47.99999999999999
0%,47.99999999999999
>30%,-56.795631153972714
>10-20%,5.247620105817705
>30%,-12.119301774297826
0%,33.0
>0-10%,30.461573875224722
>10-20%,11.25
>10-20%,31.249999999999993
0%,45.0
>20-30%,1.6121367873637757
0%,45.0
0%,32.327560613557644
>30%,-160.0
>30%,-73.33333333333333
>10-20%,31.25
>20-30%,-16.180893214495246
>30%,-35.0
>0-10%,30.01726666351293
>20-30%,-16.095493720200682
0%,31.725494380423953
>10-20%,10.0
0%,25.0
>20-30%,-27.142857142857142
>20-30%,18.95866321559074
>10-20%,33.75
>30%,-11.833986753958587
>0-10%,38.60074965237894
0%,47.0
>0-10%,29.480046761251927
0%,13.731951821650334
0%,17.0
>10-20%,-10.295427356107934
0%,28.000000000000004
0%,32.99999999999999
0%,26.0
0%,32.894298853930934
0%,45.02284011916584
0%,26.0
>30%,-6.554116803868226
0%,25.999999999999996
>10-20%,28.749999999999996
0%,42.00000000000001
0%,28.589757608893745
>10-20%,-8.75
>0-10%,20.708946560159028
>10-20%,35.0
>20-30%,-21.041108510373324
>20-30%,-16.955276927633527
0%,46.0
0%,28.000000000000004
0%,28.000000000000004
0%,27.0
>0-10%,16.666666666666664
0%,33.0
0%,36.00000000000001
>30%,-76.93835448219403
>0-10%,9.95007816045585
>10-20%,6.25
>10-20%,8.75
0%,26.999999999999996
>20-30%,-5.23006429427751
>20-30%,-27.142857142857142
0%,43.29498364231189
>10-20%,-4.705882352941177
0%,29.000000000000004
>30%,-12.511567693460767
>0-10%,23.344736411710187
0%,15.999999999999998
>0-10%,41.652281134401974
0%,47.0
>10-20%,11.249999999999998
>10-20%,34.69089264173704
>10-20%,6.25
>20-30%,12.320004774409167
>10-20%,35.16361256544503
0%,47.0
0%,9.667536001814266
>0-10%,24.896054235222426
0%,49.0
>10-20%,8.75
>0-10%,12.571068372050728
>30%,-68.0
>10-20%,-14.42345064423384
>0-10%,23.16882920179734
0%,36.0
0%,49.0
>10-20%,31.751963955637713
>30%,-61.59618076490477
>10-20%,-19.298528840551565
0%,6.0
0%,44.99999999999999
0%,39.19845556317112
>0-10%,12.460154541478351
0%,24.29426940203919
>30%,-67.04122512277075
>30%,-42.50000000000001
0%,46.0
>0-10%,14.748697332551158
>10-20%,12.722877444875834
>0-10%,25.000659826465636
0%,30.937790574186387
>20-30%,11.618096627745185
>30%,-20.86249747580658
>30%,-80.0
>30%,-260.0
>10-20%,21.25
>10-20%,-8.75
>10-20%,36.25000000000001
>30%,-45.57918367346939
>10-20%,10.0
>30%,-13.655931784212733
>10-20%,10.0
0%,5.0
0%,39.06860148739343
0%,18.0
0%,45.0
0%,42.0
>30%,-54.850528025995125
>30%,-3.635295864778388
0%,3.9999999999999996
>30%,-85.0407709414381
0%,38.118927973199334
>10-20%,7.5
0%,34.0
>30%,4.420106227700291
0%,27.332028284926697
0%,25.0
>10-20%,1.9431920649233543
>30%,-16.520152180177323
>0-10%,28.308951057626697
0%,21.990265368715832
0%,15.000000000000002
0%,26.0
>0-10%,20.717993002174513
0%,18.273972602739725
>30%,-123.08997304254414
>0-10%,13.450462204260871
>30%,28.018227242337872
0%,30.0
>10-20%,12.5
0%,44.99999999999999
>10-20%,-18.749999999999996
>10-20%,6.567091095153757
>10-20%,35.0
0%,46.585239138185706
>20-30%,-9.75866114664913
>10-20%,1.25
>10-20%,18.373765564620008
>10-20%,9.742665655032877
>0-10%,8.890117714933016
>10-20%,10.980458772304589
>30%,-51.66666666666666
>0-10%,24.800851104523286
0%,47.99999999999999
>30%,-5.074877620290297
>30%,-22.520070957932088
>10-20%,32.49999999999999
>30%,-58.285238340945725
>10-20%,30.54889617109348
0%,44.361614696640075
>10-20%,10.0
0%,48.38875509903181
0%,23.58865112807405
>30%,-35.81226752772795
>20-30%,11.94208206338282
0%,26.000000000000007
0%,47.157615156880816
0%,45.718766756032174
0%,28.483872999874016
>0-10%,13.278043713872833
>30%,-165.0
0%,1.9999999999999998
>30%,-48.934074683249854
>10-20%,32.5
>10-20%,36.25
>30%,-4.087563659611244
0%,2.0
>0-10%,8.58092623267001
>10-20%,34.79921553978333
>0-10%,20.0492255185088
>10-20%,13.952892294409668
0%,47.0
>30%,-31.43300920823408
>30%,6.508585964233942
0%,14.501003680160588
>10-20%,37.5
0%,43.29057298335467
>10-20%,6.25
>30%,-73.33333333333333
>0-10%,-11.603785348716169
0%,48.00000000000001
>10-20%,30.294935377216714
>10-20%,34.42047817047817
>0-10%,24.61797975788847
0%,47.0
>10-20%,35.07615053971947
0%,20.499712226716706
0%,46.0
0%,26.0
>20-30%,25.375121608753187
>30%,30.774766364471418
0%,27.33202346988211
>0-10%,48.41355256215276
0%,30.0
>10-20%,6.25
0%,32.087147815342114
>10-20%,16.249999999999996
>10-20%,33.75
>0-10%,36.35566226616649
0%,49.00000000000001
>10-20%,-1.6708463949843266
0%,43.478169711149114
>0-10%,-2.634030409086089
0%,28.000000000000004
0%,18.397909647982598
>10-20%,27.500000000000004
>30%,-60.870839985263416
0%,29.756454869043193
>30%,-28.83186189900966
0%,35.29
>10-20%,7.5
>30%,-5.892243826080974
0%,18.0
>30%,-21.666666666666664
0%,46.0
>10-20%,-8.24587812171664
0%,24.0
>0-10%,19.159938379971923
0%,46.99999999999999
>10-20%,7.500000000000001
0%,49.00000000000001
0%,48.99999999999999
0%,6.566685746994848
0%,25.0
0%,34.0
>0-10%,8.094665042630938
>10-20%,18.75
>30%,5.50961093153942
>30%,-77.99999999999999
>10-20%,22.5
>10-20%,33.75
0%,22.246322425697986
0%,37.01985252410664
>10-20%,10.0
0%,41.93739368304906
>30%,6.993711149078484
>20-30%,9.895432697425727
>30%,-31.666666666666664
>20-30%,-2.097734861474596
0%,29.000000000000004
0%,47.99999999999999
>10-20%,12.5
>30%,-28.333333333333332
>30%,-25.0
0%,29.446658288586768
>0-10%,25.42989862378687
>30%,-18.333333333333332
>0-10%,38.87961392982914
0%,48.00000000000001
0%,48.37281374654802
>10-20%,31.25
>30%,-38.333333333333336
>10-20%,-11.207103941130688
0%,27.37435137138622
>0-10%,24.01206282722513
0%,49.27865612648222
>30%,-170.0
>30%,-10.65105173512785
>0-10%,8.5310478810696
>0-10%,28.20701432358633
0%,46.0
>10-20%,-3.1150239425379085
0%,28.999999999999996
>20-30%,22.181757019935553
0%,41.0
>10-20%,11.25
0%,12.35193300223975
0%,28.99847328244275
0%,26.421828339734937
0%,40.129282097110504
>30%,-97.5
0%,15.278263609863703
0%,15.937299856128465
0%,42.00000000000001
0%,47.0
0%,48.0
>20-30%,-1.4285714285714286
>30%,-19.505116184386203
>10-20%,10.0
>10-20%,33.75
>10-20%,8.097578981149631
>10-20%,6.25
0%,27.740580646598783
>10-20%,28.41100859553663
>10-20%,35.0
0%,31.903743315508027
>0-10%,33.51569115000389
>10-20%,-3.120523586070636
0%,26.0
>10-20%,6.25
>0-10%,15.44103115554522
0%,47.00000000000001
>0-10%,40.570911614534275
0%,28.999999999999996
0%,19.34690193139626
0%,46.0
>0-10%,3.176845637583893
0%,28.999999999999996
>10-20%,37.5
>10-20%,7.5
>0-10%,25.382344473967088
>0-10%,22.447988904299578
0%,22.917109129336563
>0-10%,11.667167194496015
>30%,-74.82791150984299
0%,34.06453009961022
0%,48.097938788257345
0%,48.00000000000001
>10-20%,32.5
>10-20%,35.0
0%,48.99999999999999
0%,47.898394070413836
0%,46.392500438058526
>30%,-60.0
0%,43.88245675961878
0%,35.0
0%,20.717061021170608
0%,25.0
0%,20.03270416744534
0%,46.0
>0-10%,31.870104953305418
0%,41.03300970873786
0%,35.300000000000004
>30%,-18.333333333333336
>0-10%,15.685394918458135
0%,41.0
0%,25.28454352298405
>10-20%,8.75
>30%,-4.492913519477212
0%,28.58941857260953
0%,28.499152288820184
>30%,-6.666666666666668
>20-30%,-20.0
0%,48.639198218262806
0%,26.0
>0-10%,34.017376423352864
0%,39.09831181727904
>0-10%,27.739967291483207
0%,45.0
0%,48.00000000000001
>0-10%,8.503348873859085
0%,25.0
>10-20%,22.558068168361586
>10-20%,14.859861146824377
>0-10%,38.24624307935671
0%,50.0
0%,44.842812828510866
>10-20%,11.25
>20-30%,-3.759557894462609
0%,48.99999999999999
>20-30%,-56.52414684106206
0%,33.0
>30%,-42.0
>10-20%,-3.75
>10-20%,14.851956120764974
0%,29.10315026484528
>10-20%,7.572018924227714
0%,20.0
0%,46.675368898978434
>10-20%,21.471440397350996
>0-10%,28.802323546000896
>10-20%,8.75
0%,27.0
>0-10%,38.50741366366366
>10-20%,35.0
0%,47.0
0%,43.0
0%,3.0000000000000004
>10-20%,37.50000000000001
>30%,-44.99999999999999
>30%,-70.0
0%,47.0
>20-30%,33.59104046242775
0%,38.91017964071857
0%,31.999999999999996
>30%,-70.0
>10-20%,-17.5
0%,29.000000000000004
>20-30%,-5.179430678598731
>10-20%,-2.578559521398413
0%,47.0
0%,28.000000000000004
>20-30%,6.982723871387046
0%,48.0
>10-20%,-25.0
>10-20%,10.0
0%,49.77674546256922
0%,34.0
>10-20%,36.25
>30%,-47.26210119502478
0%,47.0
>30%,-76.66666666666667
>20-30%,2.0561589168398937
0%,28.000000000000004
>20-30%,-18.571428571428573
0%,29.130475741874704
>30%,-80.0
0%,13.788237958629018
>30%,-41.666666666666664
>10-20%,10.733141146229734
0%,6.999999999999999
>30%,-63.631195340895516
>10-20%,2.401633708580049
>0-10%,24.24498107004085
>10-20%,11.890266189908623
>10-20%,36.25
>10-20%,19.42092774035517
0%,42.883994612927566
>10-20%,27.075242718446596
0%,32.715364393981766
0%,40.70183059261558
>10-20%,7.5
>10-20%,33.75
>30%,-70.0
>30%,-73.33333333333334
>10-20%,7.5
0%,49.00460829493088
0%,46.0
>0-10%,16.30512076966994
>0-10%,7.777777777777778
0%,47.0
>10-20%,3.7277127270308035
>30%,-65.0
>0-10%,6.275152404088555
>10-20%,35.0
>10-20%,33.75
>30%,-51.99999999999999
>10-20%,34.37066974595843
0%,26.75328013245671
0%,27.206043956043956
>0-10%,40.70317426949758
>10-20%,35.0
0%,13.416238596732352
>10-20%,7.5
>10-20%,35.0
>20-30%,2.593823960329088
>20-30%,-4.631747466981151
>30%,-28.934929469922515
0%,37.0
0%,49.583333333333336
>30%,-26.666666666666668
>30%,-12.75608853130999
>10-20%,16.25
>10-20%,28.65042573320719
0%,25.0
0%,46.0
0%,41.0
>0-10%,13.499318057828694
>30%,-170.0
>10-20%,25.413030634679274
0%,46.0
0%,19.95088460029518
>10-20%,31.25
>10-20%,11.25
0%,41.90427118644068
>30%,-13.01137647856551
0%,40.090036563071294
>0-10%,11.225844708508708
0%,41.0
0%,48.00000000000001
0%,29.000000000000004
0%,35.36457572278468
>30%,-35.0
0%,42.58155102587274
>10-20%,0.4303889081621666
0%,31.87049670855775
0%,48.0
0%,47.0
>30%,0.6423332813187124
0%,16.24722191832205
>30%,-50.77384523095381
0%,45.504076750317346
>30%,7.054934466740602
0%,47.0
0%,39.0
0%,48.39864791189619
0%,27.30589804538536
0%,47.0
>0-10%,3.5432758121628
>10-20%,35.0
0%,19.80842293291196
>10-20%,-12.321418753398131
>30%,-50.0
>30%,-1.1643906552841439
>10-20%,20.86882535978219
>30%,1.0931144595136049
0%,46.6590349952302
>30%,-73.33333333333333
>0-10%,12.599379719191854
>30%,-19.892644343923074
>30%,-165.0
0%,32.0
0%,26.999999999999996
0%,48.00000000000001
0%,32.72599729851418
0%,22.16480071652485
0%,47.89025416596533
>30%,-36.977070766180184
>10-20%,36.25
0%,28.000000000000004
0%,29.000000000000004
>10-20%,-2.5
0%,4.12046058458813
0%,42.09399547330582
0%,28.999999999999996
>10-20%,18.614941033645504
0%,24.292828665203473
>10-20%,31.25
0%,26.0
>30%,-40.0
0%,5.0
0%,17.0
>30%,15.0
0%,46.0
0%,38.0
0%,28.42418093149609
>20-30%,-2.857142857142857
>10-20%,33.75
0%,18.454786345721345
0%,25.999999999999996
>20-30%,14.177338915740542
0%,28.000000000000004
>30%,3.7835662309227907
>10-20%,7.5
>30%,-10.523297414767665
0%,48.00000000000001
>10-20%,35.0
0%,43.63101604278074
>30%,-179.99999999999997
>30%,-150.0
0%,43.9616005873715
>0-10%,41.030951284282125
>0-10%,15.555555555555555
>0-10%,11.593323216995447
>10-20%,8.235294117647058
>30%,-53.93402730836826
0%,47.0
>10-20%,19.69233453530301
>20-30%,-25.222530489068127
>10-20%,10.0
>0-10%,27.339486382893547
>30%,-29.864596619561272
>10-20%,22.499999999999996
>30%,-3.9999999999999996
>30%,-23.67118169079869
>10-20%,10.073909299655568
>10-20%,-22.5
>0-10%,37.27864344637947
>10-20%,-20.0
0%,17.081087737475475
>10-20%,35.0
0%,27.999999999999996
0%,47.0
>20-30%,-29.170819315508563
0%,28.493426637604678
0%,50.0
>10-20%,9.480823199251637
>20-30%,-22.749680980901037
>10-20%,8.75
>20-30%,1.224456716496609
0%,35.01511627906977
0%,7.777853395269334
>30%,-53.96835530304605
0%,6.999999999999999
>10-20%,23.75
>10-20%,16.25
0%,48.0
0%,22.0
>30%,-25.940798253063214
>20-30%,11.015693350831143
0%,3.9770598021189043
0%,40.0
>0-10%,34.40307725844248
>10-20%,35.0
>10-20%,16.252606882168923
>10-20%,33.75
>0-10%,20.0
0%,33.324628136709435
0%,28.58083832335329
0%,46.0
0%,28.619373139286758
>30%,-24.099898915591876
>30%,-43.99999999999999
>10-20%,25.0
>20-30%,-22.857142857142854
>30%,23.80994496855346
0%,17.0
>30%,-138.7204926445433
0%,49.00000000000001
>10-20%,32.5
>30%,33.37972914875322
0%,25.369171729099016
0%,18.134199788423757
0%,35.0
>30%,-70.0
>20-30%,25.85751955227093
>10-20%,7.500000000000001
>10-20%,6.019659724983207
>30%,-170.00000000000003
>30%,-83.33333333333334
>10-20%,35.0
0%,42.159472539805016
>10-20%,-33.55899840479528
0%,48.99999999999999
>10-20%,-7.379382889200563
0%,38.0
0%,4.844158004158004
>30%,11.365236916639024
>0-10%,34.92038234498918
0%,46.0
>10-20%,11.25
>0-10%,39.90996316049925
0%,48.0
0%,27.0
0%,34.00345542501728
0%,27.282708899657248
0%,24.23218673218673
>10-20%,27.75591140377133
0%,44.99999999999999
0%,47.374475934932086
>10-20%,-23.75
>20-30%,-2.269283626964084
0%,24.0
>30%,-25.985083898592286
>0-10%,35.27985603664522
>10-20%,32.5
>30%,-40.942033842216254
0%,48.00000000000001
>20-30%,11.345502397331666
>0-10%,14.086476955110772
0%,28.999999999999996
0%,30.259715577691853
0%,49.0
0%,49.0
>30%,-14.929872584314674
0%,28.254457170785606
>0-10%,10.916835692617912
0%,10.0
>30%,-172.39339019189768
0%,31.253307324649388
>10-20%,10.0
>30%,-149.99999999999997
>20-30%,14.801281690932596
>10-20%,36.25
>10-20%,37.5
>20-30%,2.3915694498290625
0%,16.825582092056226
>0-10%,31.152312197818972
>30%,-20.0
>0-10%,24.371808346319984
>10-20%,15.40069331158238
>10-20%,35.0
>10-20%,8.75
0%,47.99999999999999
0%,33.0
0%,49.0
>10-20%,16.38170061783361
>10-20%,-5.000000000000001
0%,27.999999999999996
>0-10%,36.09994160180112
>10-20%,36.25000000000001
>10-20%,11.249999999999998
0%,15.000000000000002
>30%,13.333333333333334
>10-20%,17.5
0%,26.0
0%,0.0
0%,48.84671932431375
>30%,-36.76711504600625
>20-30%,-17.652108014476166
>30%,-26.425100672087567
>10-20%,-22.499999999999996
0%,42.00000000000001
>10-20%,32.49999999999999
0%,28.999999999999996
0%,10.0
>30%,-21.423189174847444
0%,30.0
0%,15.587835610881525
>10-20%,37.5
>10-20%,-1.8648620656688522
>30%,21.609754185125656
0%,27.120863395146387
>0-10%,11.887878048055468
0%,28.999999999999996
0%,49.0
>30%,11.635765890088482
0%,47.99999999999999
>0-10%,31.45885740114771
>20-30%,-8.786494111874386
>10-20%,7.5
0%,49.52475247524752
0%,17.0
>30%,-83.33333333333333
>10-20%,33.75
0%,27.27321703437661
0%,26.0
>10-20%,37.5
0%,26.0
>10-20%,32.50000000000001
0%,46.42682123567382
>10-20%,19.219622331691298
0%,26.0
>30%,-30.0
0%,36.66926536731634
>10-20%,35.0
0%,19.966627561934995
>20-30%,-17.637587076258157
0%,37.0
0%,2.0
>10-20%,7.500000000000001
0%,50.0
0%,39.010118043844855
>20-30%,18.53542180170152
>10-20%,4.973926234948327
>0-10%,38.88215407088374
>0-10%,16.630946102731777
0%,47.0
0%,47.01376776059739
>10-20%,10.0
0%,26.0
>10-20%,36.25
0%,19.10206896551724
0%,44.99999999999999
0%,24.000000000000004
>10-20%,11.250000000000002
0%,47.99999999999999
>30%,-41.63698630136986
0%,47.99999999999999
>30%,-57.50000000000001
>10-20%,7.5
0%,48.0
>10-20%,27.500000000000004
0%,33.0
0%,39.19665524884142
>20-30%,4.8928119071018985
>0-10%,11.013148725010288
>30%,-1.9780707018175512
0%,10.0
>30%,-110.73584280115594
0%,26.65340518996032
>10-20%,8.75
>10-20%,36.25
>10-20%,17.490685497547236
>30%,-41.24128798438807
>30%,-125.0
>10-20%,6.25
>20-30%,10.71490318118949
>0-10%,14.11421099363904
0%,31.76511150234742
0%,29.000000000000004
0%,26.138949607136524
0%,44.96135571745327
0%,24.915558562543914
0%,26.0
>10-20%,-1.25
0%,26.743024182832848
>10-20%,0.0
0%,26.164524421593825
>0-10%,-13.793401402669966
0%,12.15232664440954
>0-10%,38.50771752492829
0%,37.0
>10-20%,12.585051061963537
>0-10%,7.073153700048415
>30%,-76.66666666666666
0%,42.77323388566342
>30%,-83.33333333333334
>0-10%,-17.096794844436854
>10-20%,35.0
0%,47.0799728487242
0%,47.007445928377265
>0-10%,42.096155667076985
0%,38.91905040767602
>10-20%,22.568912710566615
0%,49.00000000000001
>20-30%,0.1783622764707511
>10-20%,7.500000000000001
0%,41.0
0%,3.0583633914214943
>10-20%,8.75
>10-20%,6.25
>30%,8.333333333333332
>10-20%,37.50000000000001
0%,10.0
>10-20%,35.0
>10-20%,-23.75
>0-10%,18.156509677878955
>20-30%,-1.4285714285714286
0%,13.0
>10-20%,18.75
>10-20%,1.011120014929142
>10-20%,34.99999999999999
>30%,-165.0
0%,34.342891924793726
0%,47.0
>30%,-70.0
>10-20%,33.75
0%,48.99999999999999
0%,31.0
>10-20%,11.25
>10-20%,37.5
0%,41.024305990137414
>0-10%,11.111111111111112
0%,46.0
>0-10%,4.355531145292701
0%,43.63995726495726
0%,27.999999999999996
0%,24.487014202107407
>30%,-80.0
0%,26.625503355704698
0%,5.0
>30%,-104.0935381784319
0%,44.0
0%,38.99999999999999
>10-20%,26.705941050046057
>10-20%,36.25
>30%,-170.0
0%,36.00000000000001
0%,43.0
>0-10%,34.58685060692932
>0-10%,-4.886552773048153
>10-20%,-0.3537735849056606
>0-10%,5.653947238296737
>20-30%,-1.931159680510457
>10-20%,36.25
>0-10%,34.73785694610228
0%,28.577732853409586
0%,47.99999999999999
>20-30%,-18.57142857142857
>30%,-160.0
0%,27.0
>10-20%,-3.7500000000000004
>0-10%,14.170785324439056
>20-30%,30.331711741424805
>10-20%,11.25
>10-20%,15.231217968399427
0%,7.836150595466767
>30%,-42.66074235000462
0%,48.00000000000001
0%,19.34201285116557
0%,5.0
0%,29.000000000000004
0%,29.055276381909543
>0-10%,8.103756049530647
0%,28.999999999999996
0%,46.19636428023372
0%,41.0
0%,27.0
>10-20%,7.977751214621734
>20-30%,-4.636948692017979
>30%,12.207486080198224
>0-10%,23.563905828703785
>20-30%,-13.282132593400059
>30%,-170.0
0%,48.99999999999999
>30%,18.743816440374694
0%,27.0
>10-20%,34.665043494704996
0%,27.447016767384458
0%,47.0
0%,32.18736383442266
>30%,-181.5754860846359
>10-20%,6.25
>10-20%,33.75
0%,35.0
>10-20%,28.749999999999996
0%,29.02542134472264
0%,27.999999999999996
>30%,-36.394233954771984
0%,21.73219915531497
>30%,-62.393162393162406
>30%,0.8656761673741664
0%,25.0
0%,47.18081180811809
0%,6.59792891345817
>20-30%,11.833689108176856
0%,31.939125114713978
>10-20%,32.5
>10-20%,16.269168026101145
>30%,-9.942058404951293
>20-30%,-8.374960385131974
>20-30%,-14.285714285714288
>30%,-160.0
0%,28.843534087435035
0%,46.0
>10-20%,18.811715028150715
>10-20%,9.790806969280146
>30%,-7.596751245489698
>20-30%,1.2312194286012317
>10-20%,8.091093117408905
>10-20%,30.867212824398297
0%,26.999999999999996
0%,49.0
0%,9.287480363363159
0%,28.999999999999996
0%,25.0
0%,27.812398735272374
>10-20%,31.25
>10-20%,35.0
>0-10%,0.4780069614073802
0%,48.00000000000001
0%,43.8638036809816
>10-20%,33.75
0%,25.629309476088636
>20-30%,1.2059572750889054
0%,27.0
0%,34.0
>30%,-174.55736894164195
>10-20%,18.99977098785497
>30%,-13.136007378158007
>10-20%,11.104959075589791
>10-20%,20.513053927101918
0%,28.999999999999996
>10-20%,7.500000000000001
>10-20%,6.25
0%,25.0
>10-20%,25.0
>30%,-105.58599012123935
>10-20%,32.5
0%,47.99999999999999
>30%,-81.76318209986484
>10-20%,8.75
0%,33.0
>10-20%,21.40192437542201
>30%,-73.33333333333333
>30%,-14.172537621499803
0%,27.0
0%,23.086249421920765
>10-20%,6.25
0%,48.0
>10-20%,7.5
0%,47.00000000000001
>30%,8.588815597454905
>10-20%,36.25
>10-20%,34.33064516129033
0%,23.999999999999996
>20-30%,-12.262831037190377
>30%,-17.647058823529413
>10-20%,12.5
>10-20%,31.25
>0-10%,13.732306897996164
>30%,-260.0
0%,10.0
0%,37.99999999999999
0%,23.574343032496028
0%,34.019683304444904
>0-10%,-12.188498951637852
0%,46.0
0%,27.999999999999996
>30%,-80.0
0%,41.36369260683195
>10-20%,10.000000000000002
>30%,5.021311282212445
>0-10%,12.80579746496672
>0-10%,32.88486757337151
>0-10%,11.972676483646588
>30%,-13.923329561316889
0%,26.0
>30%,-31.91464507891663
>30%,-43.90188960972094
>10-20%,5.000000000000001
0%,41.64639251415907
>30%,-1.0106382978723403
0%,26.0
>10-20%,12.5
0%,30.827217317247037
0%,21.0
0%,27.940047961630697
0%,35.27815520045928
0%,29.000000000000004
0%,28.433181926846764
>20-30%,0.7739091561229688
>10-20%,33.75
0%,37.49240374609782
>30%,-76.66666666666666
0%,25.649739071881488
>30%,-66.66666666666666
0%,46.99999999999999
>10-20%,7.500000000000001
0%,45.0
0%,48.0
0%,27.979637238655197
>10-20%,35.0
0%,29.819636097203567
0%,17.7210491586935
0%,34.0
>10-20%,6.25
>10-20%,35.0
0%,0.9999999999999999
>30%,-24.776889876076723
>10-20%,36.25000000000001
0%,14.125634654855784
>30%,-20.545558562390145
>0-10%,7.639775248749589
>10-20%,33.75
>20-30%,-9.253923649305957
0%,10.0
>30%,-37.839807497628165
>10-20%,5.756320836965998
>10-20%,10.0
>0-10%,-3.8454729387961564
>10-20%,1.25
>10-20%,-4.528121353558927
>30%,-164.99999999999997
>30%,0.18588729023398942
0%,16.12761015674966
>0-10%,43.573653306101605
0%,26.999999999999996
>30%,-87.5
>10-20%,37.5
0%,29.402108043714716
0%,19.000000000000004
>30%,-31.253171214652554
>10-20%,36.25000000000001
>10-20%,18.560803670029806
>0-10%,-10.024873723886403
>0-10%,33.21114619783221
>10-20%,23.75
0%,35.19947373747597
>30%,-22.908456571547596
0%,35.460585585585584
>30%,-65.9282147091582
>10-20%,32.5
0%,36.0
>10-20%,35.0
0%,30.0
0%,26.0
>30%,-83.33333333333333
>30%,-155.0
>30%,28.484754521963822
>10-20%,11.04594423320659
0%,36.0
0%,29.760161099615722
>30%,-27.21266345492085
>30%,-68.02196248468282
>0-10%,22.99479346649158
0%,50.0
0%,36.003982750569946
0%,27.0
>30%,4.804611119217861
0%,28.999999999999996
>10-20%,5.4884105960264895
0%,5.0
>10-20%,11.55336159569615
0%,4.0
0%,28.000000000000004
0%,47.29821073558648
0%,26.3893653516295
>10-20%,33.75
>20-30%,1.2512500903679784
>10-20%,35.29144835329341
>30%,-73.33333333333333
>30%,-17.394047946719237
0%,12.54030901024935
>10-20%,33.75
>10-20%,12.5
>10-20%,17.573182311448722
0%,46.0
0%,46.115734214747484
>20-30%,-3.466415422919416
>30%,-72.85358620437154
>10-20%,37.5
>0-10%,10.603531278393294
0%,50.0
>30%,-69.99999999999999
>10-20%,35.0
>30%,-38.83017984163405
>10-20%,26.92876874506709
0%,2.0
>10-20%,10.0
>20-30%,4.61156051719251
0%,8.0
0%,47.0
>30%,-47.71140009241535
>10-20%,33.75
>10-20%,12.5
>0-10%,41.39879600181735
>10-20%,7.810874304845126
>10-20%,-7.470834852351441
>10-20%,7.5
0%,50.0
>30%,21.347376788553255
0%,25.4580425344837
0%,26.0
>0-10%,12.882457772939565
0%,44.0
>10-20%,33.75
>30%,-56.858938716306064
>20-30%,-27.142857142857142
>30%,-3.375837676842887
0%,49.0
0%,47.0
>10-20%,10.0
>30%,-68.0
>10-20%,5.073055828997327
0%,12.446053529456366
>10-20%,33.75
0%,30.99509339280736
>10-20%,36.25
>10-20%,35.0
>10-20%,20.744649227110582
0%,26.0
>0-10%,14.583714004342616
>10-20%,37.50000000000001
>30%,-66.66666666666667
0%,48.00000000000001
>20-30%,-22.21737395900863
0%,29.518646558057128
0%,46.0
>0-10%,40.249054925505895
>10-20%,10.0
>10-20%,-16.585852288092305
>30%,-22.55493050959629
0%,29.000000000000004
>0-10%,13.550415951111802
>0-10%,37.35797077789568
0%,47.77660324171953
0%,4.0
0%,49.75130488179306
0%,30.0
>10-20%,-17.5
0%,37.57797652319732
>20-30%,-23.80937965341755
>0-10%,47.238335295032094
>10-20%,17.5
>30%,-46.83657017760812
0%,44.99999999999999
0%,39.20913461538461
>10-20%,11.25
>0-10%,38.001282599401456
0%,28.999999999999996
0%,47.00000000000001
>0-10%,9.35064935064935
>10-20%,-25.0
>10-20%,31.25
>10-20%,8.75
>10-20%,7.746915547171736
>10-20%,10.0
>10-20%,35.0
0%,47.0
>30%,-62.49044829342842
>30%,29.848579910187812
0%,42.0
>20-30%,-15.792932027366243
0%,35.0
0%,48.99999999999999
>30%,-154.99999999999997
>0-10%,38.059688675857544
>0-10%,36.06164616325698
>10-20%,7.419319598493708
0%,9.164606376057254
>30%,-73.33333333333333
0%,11.050556438791734
0%,12.778554387676547
>30%,10.37554911796645
>0-10%,14.380195276421691
0%,35.50816894590342
>10-20%,25.0
0%,14.405456916440967
>30%,-30.0
0%,5.0
>20-30%,-1.4285714285714286
0%,48.99999999999999
>10-20%,26.39833784306146
>10-20%,12.5
>30%,-50.92882194714714
>0-10%,24.959393718955663
0%,33.0
>30%,-43.33333333333333
>10-20%,35.0
>10-20%,10.0
0%,49.0
>10-20%,35.0
>10-20%,36.25
0%,17.0
0%,49.00000000000001
>10-20%,7.5
0%,42.0
>0-10%,18.93793787587575
0%,27.0
0%,49.0
>10-20%,-13.750000000000002
>10-20%,-2.7301513747296875
0%,47.10229645093946
>30%,-173.5746982937994
>10-20%,31.25
0%,47.0
>10-20%,8.387538599462099
>20-30%,13.544171458442236
0%,28.000000000000004
>10-20%,10.0
0%,26.999999999999996
>10-20%,39.26112185686653
>0-10%,27.675525585085282
0%,48.99999999999999
>30%,-105.0
0%,38.00812220566319
>10-20%,10.0
>10-20%,8.75
0%,25.999999999999996
0%,32.387316708695245
>30%,-8.817554193783351
0%,28.000000000000004
0%,35.23518615626639
>0-10%,43.59492803289925
>20-30%,-5.8201467436810805
>10-20%,36.25000000000001
>10-20%,35.0
>10-20%,22.36304301305372
>10-20%,20.0
0%,37.0
>0-10%,16.666666666666668
>10-20%,35.0
>30%,3.134544712127399
>20-30%,0.1272373983304793
>10-20%,16.25
0%,36.92985331820283
0%,48.0
>10-20%,36.25
0%,47.59971526871515
0%,9.050392569405245
>30%,0.676380860629415
0%,28.010845986984815
0%,32.0
>10-20%,10.0
0%,28.999999999999996
>10-20%,33.75
>10-20%,13.03217821782178
0%,47.0
>10-20%,-11.25
0%,20.316717748984807
0%,22.90103446087453
>10-20%,30.860969387755105
0%,26.13020175171031
>30%,-33.127717072024446
>20-30%,-9.666877667200456
>10-20%,-11.25
>0-10%,8.67436496903829
>10-20%,32.49999999999999
>0-10%,45.57174338883448
>10-20%,7.500000000000001
0%,20.35686379448756
0%,37.34877645883754
>10-20%,8.75
>0-10%,42.60627288648304
>30%,-22.612439314830084
>10-20%,36.24999999999999
0%,28.999999999999996
0%,32.99999999999999
>30%,-112.31117824773413
>10-20%,-3.1034393571896595
>10-20%,36.25
>30%,-62.5
>10-20%,3.75
>30%,-70.0
>0-10%,38.20166965640955
>10-20%,18.75
>0-10%,26.27754484382323
0%,41.00144571979321
>10-20%,8.75
>30%,29.203319502074688
>0-10%,12.919936872592682
0%,27.999999999999996
0%,26.0
>30%,-133.7686968838527
>10-20%,25.0
>30%,-14.46130500758725
>30%,11.666666666666666
0%,21.0
>0-10%,28.663043478260875
>20-30%,-1.5194424980354666
>30%,-70.0
>10-20%,6.25
>10-20%,-2.5
>10-20%,23.75
>10-20%,14.054341799927014
>10-20%,35.0
0%,33.43026121241991
>10-20%,37.50000000000001
0%,35.0
>10-20%,1.25
>10-20%,26.816170555108602
>20-30%,9.969622869819503
>30%,-0.5954971650855979
0%,27.999999999999996
>10-20%,-7.5
0%,28.000000000000004
>10-20%,8.427114583443759
0%,44.99999999999999
>10-20%,35.0
>0-10%,31.7595818815331
0%,28.000000000000004
0%,19.86722736314105
>10-20%,35.0
>10-20%,6.875632177334902
0%,30.773135468021177
>30%,-58.41180867863848
>30%,-156.62673392181588
0%,35.0
>10-20%,-11.250000000000002
0%,41.344796505581364
>10-20%,27.500000000000004
>0-10%,12.69579811039284
0%,50.0
>0-10%,13.719147293235157
0%,49.00000000000001
>0-10%,27.86447498217547
>30%,-160.0
>0-10%,32.61479121247694
0%,44.99999999999999
>10-20%,35.0
0%,37.5266113934207
>10-20%,31.25
>10-20%,-3.3901453075494365
>0-10%,-2.853931295990696
>10-20%,-3.75
0%,20.48625576233567
0%,35.70372224407337
0%,27.999999999999996
>10-20%,31.25
>10-20%,6.25
0%,49.0
>30%,-24.689562833485194
>30%,-34.99649511160302
>30%,-25.787242706945058
>10-20%,-22.5
0%,43.00000000000001
>0-10%,9.982267302679409
>10-20%,30.000000000000004
>30%,-160.0
0%,10.0
>10-20%,6.25
>0-10%,20.40745477431536
>10-20%,18.48273134721856
0%,27.98524168434355
>30%,-80.0
0%,36.50898410504492
>30%,-24.690136397130697
0%,40.637051039697546
>10-20%,16.25
0%,16.0
0%,47.99999999999999
>20-30%,10.293224887159667
>10-20%,2.5
0%,20.52093768783811
0%,50.0
0%,18.822376480195995
>0-10%,34.00059972583962
>10-20%,7.199385187303402
0%,48.89162881245944
>0-10%,36.80725843302851
>30%,-109.68482239832657
>30%,-74.60669738172828
>10-20%,12.5
0%,31.486368593238822
0%,39.0
>10-20%,10.0
0%,15.0
>20-30%,-6.878016312118341
>20-30%,6.311987208242289
>0-10%,28.55758034466697
>10-20%,8.75
0%,26.0
0%,30.563647408207338
>30%,-52.34356014580802
>10-20%,31.97035725486097
>0-10%,43.68610975987264
>30%,-165.0
>0-10%,34.68623673572511
>30%,-175.00000000000003
0%,26.0
>30%,-17.9998423742935
0%,25.999999999999996
0%,26.494446158593032
0%,19.533501488466214
>0-10%,10.170965980741263
>10-20%,-22.499999999999996
0%,30.41647812971342
>30%,-26.397912320412548
0%,23.15502431956949
0%,26.0
>20-30%,-1.4285714285714284
>0-10%,11.11111111111111
>30%,2.9564685940422892
>30%,-83.33333333333334
0%,20.0
>30%,0.6260958907017515
0%,25.999999999999996
>30%,-18.534800936154035
>20-30%,-8.609688021808815
0%,28.563094708759447
0%,18.314517415580962
>0-10%,21.170693170778577
>10-20%,13.52106572421303
0%,25.0
0%,19.058210251954822
>10-20%,35.0
>30%,-30.0
0%,17.533611728927422
>30%,-110.9823399558499
0%,26.0
>10-20%,31.25
0%,42.00000000000001
>10-20%,15.000000000000002
>30%,-20.262094214246414
>0-10%,33.34978466682416
>20-30%,17.964297548045064
>0-10%,21.111111111111107
0%,49.0
>30%,-83.33333333333333
>30%,-66.66666666666666
>10-20%,35.0
>30%,-54.99999999999999
0%,8.0
>10-20%,9.882276498886126
>0-10%,19.667977923907937
>10-20%,11.249999999999998
>20-30%,5.755229802143446
>0-10%,37.01873116749485
>10-20%,33.75
>0-10%,7.4758660001293915
0%,26.681185867711726
>10-20%,36.25
0%,28.999999999999996
>10-20%,-16.25
>10-20%,31.25
0%,29.000000000000004
>30%,-73.33333333333334
>10-20%,12.328412929333467
0%,25.0
>30%,-83.70335409980491
>10-20%,-8.75
>0-10%,23.54470586278832
>0-10%,20.814191614238062
>20-30%,0.5570305862361935
>30%,-98.08303298153889
0%,39.234234234234236
0%,24.94108599705764
0%,48.0
0%,47.93756814854045
>30%,7.829219070799754
0%,46.064309455587384
>20-30%,19.70894049787492
0%,39.153117084729146
>20-30%,6.447108751462652
>0-10%,11.93128083614163
0%,26.999999999999996
0%,28.066852966466033
0%,25.0
0%,13.0
>0-10%,45.47455183095081
>10-20%,18.75
>30%,23.636915269196823
>0-10%,33.30729718280025
>0-10%,6.666666666666667
>20-30%,34.345821672400575
>10-20%,32.5
>10-20%,8.75
>10-20%,10.0
>30%,-1.786828402082884
0%,14.794223407957313
0%,19.272233324431106
>20-30%,5.503859349980598
>10-20%,35.0
0%,46.949139481119964
>10-20%,22.37418761821149
>10-20%,5.0
>20-30%,11.868514310232491
0%,21.0
>30%,-61.07844887434295
0%,44.0
0%,47.00000000000001
>10-20%,-11.250000000000002
0%,49.0
0%,46.0
0%,50.0
>10-20%,32.42869025727859
>30%,-44.71254562551407
0%,32.00471398785242
>10-20%,17.537507272878397
0%,37.99999999999999
0%,31.036526533425228
0%,47.81485179015585
>10-20%,8.75
>30%,-83.33333333333334
0%,48.00000000000001
>30%,-77.5
0%,1.0
0%,27.0
0%,3.0
>10-20%,31.25
0%,29.000000000000004
0%,28.37856076626446
0%,9.14429038756123
>30%,-64.96985934360349
0%,42.0
0%,49.00000000000001
0%,11.000000000000002
>30%,-21.666666666666668
0%,45.0
0%,4.1259211434423495
>30%,-181.54491374182035
0%,38.96573576587747
>30%,-65.54425429156387
>10-20%,9.021496578399287
>10-20%,31.25
>0-10%,33.44290141852426
>30%,-13.732944838400151
0%,40.63287825872227
0%,47.0
>30%,-0.9780873725483583
>0-10%,13.25872741625779
>30%,-69.99999999999999
>30%,-80.0
>0-10%,15.247119238913914
0%,47.0
0%,28.000000000000004
0%,30.2000255787185
>10-20%,6.25
>30%,-150.0
>10-20%,31.25
>30%,-38.512795750845
0%,41.0
0%,49.0
0%,36.0
0%,30.0
0%,19.00534973473769
>10-20%,33.75
0%,28.785587364264558
>10-20%,33.75
>30%,-8.000534751629546
>0-10%,7.5874755785071235
0%,25.0
>30%,-76.66666666666666
>0-10%,-4.625822663635276
>30%,-66.66666666666667
>10-20%,33.759246963786765
0%,46.0
0%,17.27959988014843
0%,13.0
>10-20%,12.26949710346546
>30%,10.676764734440237
>10-20%,32.5
>30%,-73.33333333333333
>30%,-29.313096770957003
>10-20%,15.133477633477636
0%,34.56156475063234
0%,16.39552581201449
0%,6.0
>10-20%,32.50000000000001
>0-10%,8.945658898742009
>10-20%,16.25
0%,47.0
>20-30%,-4.895940225756798
0%,50.0
0%,13.638888888888893
>0-10%,35.70706570211079
0%,45.12516152852132
0%,27.999999999999996
>0-10%,26.904049143450425
>20-30%,-14.285714285714285
>20-30%,6.904356870674236
>0-10%,9.196120998995264
0%,42.73209945784259
>10-20%,-3.75
>10-20%,-22.5
>10-20%,31.25
>10-20%,26.250000000000007
>30%,28.425281199785747
0%,48.0
0%,44.54439062245753
0%,25.999999999999996
0%,46.0
0%,26.0
0%,46.0
>10-20%,16.25
>0-10%,0.4148097585308384
0%,44.0
>30%,-191.01024127755596
>10-20%,6.328074114374601
>30%,-19.067513732311063
0%,27.09138273805444
0%,28.453398577872925
>10-20%,6.25
0%,9.195290719156226
>10-20%,25.224425887265138
>20-30%,0.0
0%,7.103698389925076
>10-20%,32.914230667020995
0%,13.689894932014832
>0-10%,17.871554346628706
0%,20.060005413208227
0%,39.0
>30%,-62.411882001055666
0%,9.0
0%,36.0
>0-10%,36.624508631003245
>0-10%,16.94179421210718
>10-20%,35.0
0%,28.000000000000004
0%,44.0
0%,48.0
0%,2.0
>30%,-86.0
0%,47.99999999999999
>10-20%,10.0
0%,47.0
>30%,-161.3477088948787
>10-20%,11.25
>10-20%,8.75
0%,39.572528036355635
>10-20%,31.250000000000007
>10-20%,37.5
0%,15.999999999999998
>10-20%,-6.983851384167073
0%,27.231964714384198
>30%,-150.00000000000003
>10-20%,12.5
0%,17.0
>10-20%,35.0
>20-30%,1.2423398328690813
>30%,-265.0
0%,38.99999999999999
0%,25.69200307867664
0%,48.99999999999999
0%,26.999999999999996
>20-30%,-4.285714285714286
>10-20%,35.0
>10-20%,6.725746002114426
>10-20%,13.760053619302951
0%,10.726459669254135
>0-10%,1.2879661834085196
>0-10%,45.85684385534001
>10-20%,-16.956193634602432
>20-30%,5.049143460032763
>10-20%,36.25
0%,28.21802253294822
>10-20%,11.25
>10-20%,7.5
0%,25.0
>10-20%,8.75
>10-20%,10.360028844726294
0%,39.07528641571194
>30%,-79.1812719078618
0%,48.00000000000001
>10-20%,35.0
0%,9.97787104158718
0%,44.99999999999999
>30%,22.43818090305402
>10-20%,8.235294117647058
>10-20%,35.0
>10-20%,32.5
>30%,-136.72746042670337
>10-20%,37.50000000000001
0%,43.0
0%,26.401723099883828
>0-10%,22.22222222222222
>10-20%,37.5
0%,43.0
>10-20%,32.5
0%,44.0
0%,0.0
>0-10%,24.328373177842565
>0-10%,36.32461343965769
0%,28.999999999999996
>30%,-50.1804075528136
>20-30%,-18.648501087750834
>0-10%,14.703453268183539
>30%,-52.0
>10-20%,35.0
>20-30%,-17.142857142857142
0%,26.999999999999996
>0-10%,31.268684013199323
>30%,-76.54849464916771
>30%,-170.0
>10-20%,-0.21819364110360231
0%,47.0
>0-10%,30.233687091693135
0%,46.0
>30%,-5.315293795795538
>10-20%,8.75
0%,47.99999999999999
>30%,9.48336187253091
0%,48.00000000000001
>30%,7.432503254849173
0%,41.0
>10-20%,33.75
>10-20%,31.25
>0-10%,24.469469336382407
>0-10%,33.28496042216359
>10-20%,7.5
0%,24.814323607427056
>10-20%,14.922551487487848
>10-20%,14.844209681733084
>10-20%,17.647058823529413
>10-20%,36.25
>20-30%,-12.722722722722724
>0-10%,27.31046094697951
>10-20%,36.25
>10-20%,10.0
>10-20%,31.249999999999993
>10-20%,10.0
0%,11.0
0%,2.0
>10-20%,7.500000000000001
>30%,-14.067260329202238
0%,29.476920709816394
0%,1.0
>30%,-23.333333333333332
>0-10%,5.820936501597444
>30%,-73.33333333333334
0%,26.0
>10-20%,6.25
>20-30%,-1.4285714285714286
>30%,-170.0
>10-20%,17.5
>10-20%,30.790485924176597
>10-20%,34.4359756097561
>30%,-161.58768236561244
0%,26.0
>10-20%,32.49999999999999
0%,24.24543269230769
>0-10%,10.8128976310984
>10-20%,18.75
0%,26.000000000000007
>10-20%,36.25
0%,30.685773826559814
>30%,-61.57724345457601
0%,27.0
0%,41.90035096705859
>10-20%,12.5
0%,28.000000000000004
>10-20%,-20.662963488033405
0%,25.999999999999996
>10-20%,-20.0
>10-20%,16.25
>0-10%,-5.555555555555556
>10-20%,32.5
>10-20%,9.345761460500704
0%,9.279057917681028
>20-30%,11.234016208914902
>30%,-32.5423734967757
>0-10%,15.613243981742968
>10-20%,10.0
>20-30%,11.333372169526836
>10-20%,5.55192590976049
>10-20%,32.5
>10-20%,32.49999999999999
0%,48.00000000000001
0%,37.74093662852197
0%,5.0
0%,33.19593879318641
>20-30%,-12.04393619842643
0%,25.090311079866435
>0-10%,-1.6115596175793747
0%,26.0
0%,48.0
0%,46.0
>10-20%,32.5
>10-20%,8.19104835059841
>30%,-29.192510239906376
>0-10%,26.596700223388005
>10-20%,4.181344068804611
>0-10%,28.04893360959813
0%,3.9999999999999996
>30%,-105.0
0%,32.9241114089267
0%,0.0
>30%,8.300271496799509
>0-10%,27.105420486249503
>30%,20.379283160401023
0%,29.000000000000004
>0-10%,43.87144861452122
0%,24.04901768448194
0%,46.670500268240346
0%,12.008581035796324
>10-20%,28.22137135652303
0%,45.0
>20-30%,-8.412653145034335
0%,47.0
0%,34.90337005832793
>10-20%,10.0
>0-10%,40.31007751937984
>10-20%,7.5
0%,49.0
0%,48.00000000000001
>10-20%,8.128014387313005
>10-20%,10.0
>20-30%,28.552446678949504
>10-20%,31.25
>10-20%,3.75
>0-10%,20.806631571473492
0%,47.99999999999999
>30%,-20.0
0%,33.0
0%,39.0
>20-30%,-1.4285714285714286
>30%,-18.333333333333336
0%,35.0
0%,26.59854948805461
0%,49.00000000000001
>10-20%,32.5
0%,25.0
0%,30.0
0%,46.0
>10-20%,11.453683484656937
>20-30%,30.400254129606104
0%,23.4405713842093
0%,29.048555429196593
0%,17.0
0%,28.000000000000004
0%,44.99999999999999
0%,27.202920929035578
>10-20%,8.75
0%,25.0
0%,26.0
>30%,-19.205356814695453
>0-10%,40.89273356401384
0%,32.717189314750286
>0-10%,29.400565058245537
>20-30%,-11.428571428571427
0%,46.02932994197599
>10-20%,31.25
>0-10%,13.654264293835187
0%,47.976517946997646
>0-10%,11.848469891411648
0%,27.760520097791503
>10-20%,5.669974377904199
>30%,-10.764458649483522
0%,48.0
>10-20%,23.75
>10-20%,5.0
0%,48.95562503758042
>10-20%,35.0
0%,5.0
0%,30.372262773722632
>10-20%,2.5
>30%,-67.55826859045506
>30%,-269.99910655377175
>10-20%,-1.25
>10-20%,33.75
>30%,-51.99999999999999
>0-10%,17.964506719068485
>30%,-76.66666666666666
>10-20%,-6.852472794574144
0%,29.169191662430098
>30%,-120.0
0%,36.0
>0-10%,31.133455540223988
>10-20%,37.5
0%,35.0
0%,26.999999999999996
0%,48.00000000000001
0%,47.0
>0-10%,7.075615623813201
>0-10%,25.90325366630163
0%,26.0
>10-20%,33.75
>10-20%,21.25
>0-10%,-10.762380412942276
>10-20%,-16.222896535470184
0%,26.0
>30%,-11.441179361179362
>10-20%,36.25
>30%,-66.66666666666667
0%,41.633166969147005
>30%,-21.52868465684497
>0-10%,5.720893247007453
>10-20%,12.5
0%,47.0
0%,18.823768927344446
>20-30%,-31.54932226013989
>10-20%,11.25
>30%,-74.0
>10-20%,37.40962416392398
>0-10%,22.842442733626704
0%,27.242683558690306
>10-20%,-25.0
>0-10%,2.2693650830852885
>10-20%,7.5
0%,47.0
>0-10%,34.19266934179793
>10-20%,16.25
0%,36.4025726536446
>10-20%,29.160449763847147
0%,45.0
>0-10%,35.62285719245559
0%,37.474686483975844
0%,46.581364539633476
>30%,-3.8556208670095535
>10-20%,33.75
0%,21.000000000000004
>10-20%,21.250000000000004
0%,37.29789674952199
0%,25.999999999999996
>10-20%,12.5
>10-20%,36.25
0%,22.472354307198934
0%,35.0
>10-20%,12.5
>10-20%,37.5
0%,42.84237165582068
>30%,-70.0
>10-20%,32.52924740464778
0%,46.0
0%,27.0
0%,18.625659050966608
>10-20%,33.75
>10-20%,36.25
0%,1.0000000000000002
>30%,-21.578667559292334
0%,27.0
>10-20%,10.43359059738606
>10-20%,-3.75
>30%,12.391888939747005
>10-20%,-8.235294117647058
>0-10%,22.222222222222225
>30%,-58.25316762865512
>0-10%,33.751122383075256
>30%,-2.941176470588235
0%,2.0
0%,26.39668477544625
0%,37.91891891891892
>10-20%,32.49999999999999
>30%,-72.5
0%,45.0
0%,50.0
0%,48.0
0%,26.0
>10-20%,0.0
>30%,-55.39033196415781
>10-20%,32.5
0%,25.999999999999996
>30%,-66.66666666666666
0%,42.00000000000001
>0-10%,14.832537480302117
>30%,-42.451818784479606
>10-20%,11.25
>0-10%,48.213401523849285
0%,28.000000000000004
>10-20%,7.500000000000001
0%,36.64495114006515
0%,37.654341547737
0%,28.383581754434438
>10-20%,10.0
0%,27.0
>30%,-160.0
>0-10%,27.88437102922491
>10-20%,1.816800247802687
>30%,-2.0
0%,34.79609799854236
>10-20%,21.375429778173377
0%,27.24801604416458
0%,29.000000000000004
0%,45.0
>10-20%,8.75
0%,28.000000000000004
>10-20%,-7.0588235294117645
>10-20%,20.0
>30%,-92.35565819861431
>30%,6.301407299992724
0%,27.0
0%,19.382488479262673
>10-20%,36.25
>10-20%,-10.0
>10-20%,7.500000000000001
0%,49.0
>0-10%,31.385413894064406
>10-20%,-6.25
>0-10%,12.5554295080864
0%,26.0
>30%,-166.5106311611352
>30%,-60.0
0%,49.0
>0-10%,16.692470511075115
0%,23.515515757771325
0%,28.689246482944686
>30%,-165.0
0%,27.841628959276015
>30%,-8.184066301296617
>20-30%,-8.571428571428571
0%,20.0
0%,18.694994633622787
0%,42.20938076002981
0%,47.66783625730994
0%,25.999999999999996
0%,3.0
>10-20%,32.5
0%,34.673160582560996
>30%,-14.429926677554992
0%,23.11043651128697
0%,5.0
0%,32.99999999999999
>10-20%,-22.5
>10-20%,5.0
0%,44.99999999999999
>0-10%,13.069597625872422
>0-10%,13.201920502440748
0%,46.0
0%,47.0
0%,39.09235127478754
>30%,-4.411764705882353
0%,37.690544412607444
0%,23.568269428250947
>10-20%,9.085640138408307
0%,25.54346820809249
>10-20%,35.0
>0-10%,32.18370997807274
>30%,-40.20100849623542
0%,27.127879742792654
>10-20%,-10.0
>10-20%,32.5
>10-20%,13.631994581303934
>10-20%,13.750000000000002
0%,49.0
0%,28.012043396038617
>10-20%,35.0
>10-20%,35.0
0%,43.06025824964131
0%,30.0
>10-20%,21.919871794871796
>10-20%,35.0
0%,33.855597125400365
0%,47.0
>0-10%,18.993435146154376
0%,28.615377832642626
>30%,11.383205967353186
>10-20%,33.69565217391304
>0-10%,15.985442988307309
0%,34.99549021376386
0%,49.00000000000001
0%,43.99999999999999
0%,44.374581939799334
>10-20%,26.25
0%,45.0
>10-20%,-5.341431857389304
0%,48.00000000000001
>30%,-18.253516975964082
0%,26.17011245887148
>10-20%,10.0
>10-20%,10.0
>30%,-154.99999999999997
>0-10%,25.05137933760177
>30%,-6.83823233839904
0%,34.0
>10-20%,6.25
0%,45.32198499711483
0%,30.0
0%,29.165186307014313
>10-20%,12.5
0%,16.0
0%,36.0
0%,47.0
>10-20%,36.25000000000001
>0-10%,38.5492478980557
>20-30%,-20.343251404368345
>10-20%,-2.5
0%,14.000000000000002
>10-20%,7.5
>10-20%,31.1384591937819
>0-10%,28.52071456024598
>30%,0.2413506584940184
0%,41.853872208633604
0%,48.17768433828948
0%,20.353733403131393
>20-30%,-30.0
>30%,-20.0
0%,27.999999999999996
0%,4.0
>10-20%,14.92804692775152
>30%,-7.611414279217827
>10-20%,-15.797132616487456
0%,40.97077306733167
>10-20%,8.75
>30%,-36.666666666666664
0%,30.7934227989972
>10-20%,10.0
>10-20%,20.0
>20-30%,-11.150040301143866
0%,9.725310622411481
>0-10%,22.87859223710876
>0-10%,35.296686133369555
0%,49.0
0%,26.999999999999996
>30%,-44.45100387862195
>10-20%,37.49999999999999
>0-10%,15.667087189917739
0%,49.0
>30%,6.752434110079345
>10-20%,7.5
0%,45.73255813953488
0%,33.326181696278915
>0-10%,13.421735088320203
0%,47.0
>10-20%,35.0
>10-20%,16.76551732076804
>30%,-66.66666666666666
>10-20%,25.132382207195498
>30%,14.194717696485293
>10-20%,10.0
>30%,-42.14944196212692
0%,37.92440744844734
0%,40.178412024679474
>10-20%,33.75
>30%,-78.30838323353292
0%,24.205794981947808
0%,41.38435165183614
0%,31.106063947078272
>30%,8.811539087255095
>10-20%,23.75
>10-20%,31.25
0%,21.75673633845379
>0-10%,11.311483402029873
0%,30.000000000000004
>0-10%,17.184880129430795
>10-20%,10.069276446008356
0%,20.723481221406534
>30%,30.748528729788827
>30%,-24.73784775298074
>30%,-65.83708006182653
>30%,9.061389172074156
>10-20%,7.5
0%,36.846469833119386
0%,49.00000000000001
0%,19.831254717320203
>10-20%,16.050420168067227
>30%,-26.631940033032652
0%,44.99999999999999
>0-10%,36.92880794701987
0%,48.0
0%,39.0
>10-20%,32.5
>0-10%,-7.2372215720351685
0%,43.0
>30%,-10.147655228352454
>10-20%,32.5
0%,46.00000000000001
0%,50.0
>10-20%,-3.75
>10-20%,12.353041454702891
>10-20%,20.000000000000004
0%,50.0
0%,15.976499376702527
>30%,5.779348898388688
>10-20%,37.5
>30%,-23.376116071428577
>10-20%,-15.0
0%,32.103026637814544
0%,32.0
>10-20%,36.25000000000001
>10-20%,-18.75
>30%,-26.17572385479689
0%,48.0
0%,29.000000000000004
>30%,-73.33333333333333
>10-20%,31.25
>10-20%,35.0
>10-20%,6.383347130309931
0%,47.76214405360134
0%,49.0
>0-10%,21.0
>10-20%,35.0
0%,19.41816448152563
>30%,-28.778690847265516
0%,48.0
0%,29.853005040713455
>30%,-150.0
>10-20%,-18.75
>10-20%,33.75
0%,45.185853569914606
>30%,-13.95476514476092
>0-10%,14.833657377403325
>10-20%,11.194987875213004
>10-20%,10.0
0%,40.893008924776886
>10-20%,25.9417260719153
>10-20%,8.75
>10-20%,7.500000000000001
0%,31.795730486991324
>20-30%,-2.5976795233615553
>30%,-169.99999999999997
>10-20%,35.0
>10-20%,35.0
>0-10%,14.842831850846297
>0-10%,21.356167283385492
0%,21.891853932584272
0%,41.0
>10-20%,30.555555555555554
>10-20%,28.835287389190732
0%,30.0
0%,26.0
>20-30%,-2.3293528442958866
0%,36.0
0%,30.810132144762857
>0-10%,20.397544958214603
>10-20%,8.75
>30%,-21.06042359986656
>30%,-173.20796460176993
>10-20%,25.137283236994218
0%,45.00000000000001
>10-20%,11.08749274521184
>10-20%,-10.704707985697258
>30%,-22.578985033759604
>20-30%,12.118561047593067
0%,45.903839539970555
0%,16.0
>10-20%,11.25
0%,30.877010634962737
>30%,8.11564371257485
0%,30.0
0%,28.938833358197826
0%,31.0
>10-20%,37.5
>10-20%,12.812279346408486
>10-20%,-18.83156274521639
>0-10%,4.85080418551128
0%,44.0
>20-30%,-15.714285714285714
0%,47.99999999999999
0%,25.0
>10-20%,31.249999999999993
0%,25.999999999999996
0%,36.95307979961899
>0-10%,21.302064469395145
>10-20%,31.249999999999993
>20-30%,-2.857142857142857
0%,24.0
>30%,-5.976083689813402
>10-20%,3.7500000000000004
0%,22.283678086291374
>10-20%,35.0
>30%,-17.123636805310806
>0-10%,17.126271811827053
0%,43.00000000000001
0%,29.339993355797066
>20-30%,10.325808446722034
0%,28.3955317577548
0%,27.219192703279642
0%,39.27444318610797
>10-20%,2.5
0%,27.0
>30%,-76.07030222349007
>30%,-103.09656770363411
>30%,-15.999218728952828
>10-20%,36.25
0%,32.64356435643564
0%,39.0
0%,26.0
>10-20%,3.75
>20-30%,-13.245462288755219
0%,23.592717530213882
>10-20%,31.25
>10-20%,13.605892932976943
>10-20%,31.25
>30%,13.510057398283129
>10-20%,21.07968369829684
>30%,0.3329584126434794
>0-10%,40.60828877005347
>30%,3.5560954435817895
0%,26.0
0%,50.0
>0-10%,31.524592337266338
0%,34.0
0%,28.000000000000004
0%,28.999999999999996
0%,26.0
>10-20%,10.806924882629106
>10-20%,35.0
>30%,-73.33333333333333
>0-10%,14.32517789052295
0%,45.0257627118644
>10-20%,37.50000000000001
0%,49.00000000000001
0%,30.0
>10-20%,6.25
>10-20%,6.25
>0-10%,13.77610314145633
>0-10%,30.554799661326527
0%,26.999999999999996
0%,44.0
>10-20%,8.75
>10-20%,31.250000000000007
>10-20%,-12.5
0%,42.54975530179445
>20-30%,28.80131831037314
>10-20%,33.75
0%,27.0
>10-20%,12.5
0%,48.20022151119862
0%,48.00000000000001
0%,31.000000000000007
0%,47.0
0%,36.31349480968858
0%,46.0
>10-20%,32.5
>10-20%,7.5
0%,9.729932745217921
0%,27.0
>10-20%,1.1764705882352942
>10-20%,15.860480967527701
>10-20%,35.0
0%,20.538986456785214
>0-10%,10.035648916698591
>10-20%,-22.499999999999996
0%,32.97393264759758
>20-30%,12.896892019163836
>30%,-44.26279002440134
>30%,19.880716995155062
>0-10%,27.58488473496626
>10-20%,-0.9107863519628223
0%,15.575790473605647
>10-20%,-20.0
>20-30%,-4.772058549666655
0%,47.76231708150984
>10-20%,30.8808618504436
>10-20%,37.50000000000001
0%,12.896857292628741
0%,48.00000000000001
>10-20%,35.0
0%,3.0
>10-20%,18.889860139860144
>0-10%,48.36844133324771
0%,35.368351936966505
>0-10%,30.881606939997937
>10-20%,32.5
>30%,-45.875297383029334
>10-20%,11.25
>10-20%,37.50000000000001
0%,35.261071315943596
0%,43.0
>10-20%,26.25
0%,43.0
0%,12.382049292832846
0%,27.70740436954739
>10-20%,36.25
>10-20%,7.500000000000001
>0-10%,47.064830675978406
>30%,-26.95432714368748
0%,47.73997664460879
0%,48.77504725897921
0%,15.928877032264557
>30%,-8.030306776375648
0%,41.0
0%,26.0
>30%,-24.16472940301283
>30%,-253.72532732091292
>30%,26.708264236032402
>10-20%,8.75
>0-10%,13.870530741346485
0%,25.0
>10-20%,-25.0
>0-10%,14.628047840878109
0%,17.0
0%,47.0
0%,28.999999999999996
0%,20.308791792368623
0%,25.0
>10-20%,7.499999999999998
>0-10%,19.709040366016104
0%,49.00000000000001
>10-20%,33.75
>10-20%,34.294415158854534
0%,38.87984602694527
>10-20%,-17.5
0%,39.69385861641497
>10-20%,23.75
>20-30%,-7.7008193110739125
>10-20%,32.5
>20-30%,6.505308335215723
>10-20%,1.25
0%,13.0
>10-20%,29.98384394447104
0%,47.0
>10-20%,12.5
0%,45.0
>10-20%,-2.0767522490879013
0%,47.0
>0-10%,29.49454487622304
0%,48.05681818181818
0%,8.486221294363256
>20-30%,0.6964800329353643
0%,32.0
>30%,8.028800090176407
0%,47.99999999999999
0%,44.99999999999999
>30%,-37.850940665701884
0%,25.74531586801525
0%,32.049473234624145
>10-20%,3.1480499423169954
0%,46.00000000000001
>30%,-94.97804424928222
>30%,-21.713772488703025
0%,47.90214281366044
>10-20%,5.64192168421288
0%,44.99999999999999
0%,50.0
>0-10%,24.370851779007122
>0-10%,21.75877328973701
>10-20%,12.5
>0-10%,15.905381987423874
>30%,-54.89194292908098
>10-20%,36.25000000000001
>20-30%,0.0
>20-30%,8.865432179832338
>30%,-66.66666666666666
0%,26.0
>10-20%,36.857132491655776
0%,28.339144215530904
0%,5.0
>30%,-75.0
>0-10%,9.530714998673357
>10-20%,36.24999999999999
>10-20%,2.5
>30%,-14.003054769750698
>30%,-60.00000000000001
0%,47.68538238141337
0%,28.637353953829653
>10-20%,35.588235294117645
>30%,-155.0
0%,32.7699604743083
0%,32.99999999999999
>30%,14.005524861878454
>10-20%,10.0
>0-10%,14.933584082551487
>30%,-1.81026771596628
0%,45.0
>30%,-7.844706742782846
>10-20%,16.58208619331608
0%,25.47927333074397
>30%,-0.8676140613313392
>30%,-70.0
>30%,-76.66666666666667
>10-20%,8.75
>10-20%,6.25
>30%,-77.5
0%,8.334958783234645
>0-10%,27.861704398344457
>10-20%,17.070279928528883
>0-10%,42.88660962096663
>30%,-7.25973848210116
>30%,-46.14347772506008
0%,42.0
>20-30%,4.103957685565172
>10-20%,30.0
0%,36.48854575891603
0%,46.7115165336374
>10-20%,-10.0
>10-20%,15.013838411443981
0%,31.319749672536744
>20-30%,-1.4285714285714286
>10-20%,8.75
>20-30%,-6.735872150758644
>10-20%,9.838340486409153
>10-20%,33.75
>0-10%,4.8461523553580195
0%,17.0
>20-30%,3.404136352762051
0%,41.38762886597938
>0-10%,2.222222222222222
0%,39.005945945945946
0%,26.0
>10-20%,24.385908902474473
>10-20%,-15.0
>10-20%,10.0
0%,21.000000000000004
0%,47.823634416279894
>0-10%,12.157865181916314
0%,1.463864406779661
>10-20%,12.5
0%,45.6261032361594
>10-20%,11.25
>10-20%,16.25
>30%,-76.66666666666667
>10-20%,-16.249999999999996
0%,37.99999999999999
0%,49.6755653800374
>10-20%,9.149097084568801
0%,48.0
0%,48.00000000000001
0%,47.905527982200915
>30%,-14.931234794697385
0%,31.0
>20-30%,-1.4285714285714286
0%,29.09109996313689
>10-20%,37.5
>10-20%,9.316756691713241
0%,11.608867481783376
0%,47.0
0%,18.0
>30%,-69.41294044920669
0%,11.636404781555337
>0-10%,31.24677605224167
0%,10.0
0%,7.000000000000001
>10-20%,9.387496127326305
>10-20%,3.705654522555877
>30%,15.470872440695421
0%,20.0
0%,47.0
>0-10%,16.666666666666668
0%,44.0
0%,21.0
>10-20%,33.75
>30%,-21.666666666666668
>30%,15.51220057370637
0%,47.0
>30%,-18.259386600400575
>10-20%,5.0
0%,48.333787558765415
0%,48.00000000000001
0%,30.000000000000004
>0-10%,32.52351348158098
0%,28.000000000000004
0%,42.46957302474062
0%,5.0
0%,30.0
0%,30.043960319004086
0%,28.000000000000004
0%,29.000000000000004
0%,27.950449508676563
>20-30%,-27.142857142857142
0%,29.000000000000004
>10-20%,11.25
>0-10%,18.621758116360386
0%,18.000000000000004
>10-20%,12.5
>0-10%,13.454157993364616
0%,48.00000000000001
>20-30%,-11.320368305419699
>10-20%,-6.363732562847363
>10-20%,10.0
>30%,-45.0
>0-10%,21.191762482280673
>30%,-150.0
>0-10%,13.409670098345561
>10-20%,36.25
>0-10%,33.09442104715853
0%,3.701574623685749
0%,49.0
>10-20%,35.0
>30%,-73.33333333333333
>10-20%,20.0
>30%,-40.392723133353
>30%,-270.0
0%,48.00000000000001
0%,28.999999999999996
>30%,-16.666666666666664
>0-10%,19.08476870787488
0%,26.310051313009353
>0-10%,32.744704175965595
0%,26.0
>10-20%,7.3082124934484405
0%,30.0
>10-20%,7.896428277508025
>10-20%,11.25
0%,45.0
>30%,-164.03790630529946
0%,48.00000000000001
>0-10%,9.286416004286863
>10-20%,35.0
>0-10%,21.650109446034687
>0-10%,5.2619550872825975
>0-10%,13.407299759655695
0%,26.72525004011339
>0-10%,14.229898971274652
0%,13.396240227226144
>20-30%,-14.165029469548129
0%,50.0
>10-20%,22.5
>10-20%,7.5
>10-20%,8.75
0%,43.99999999999999
>10-20%,16.25
>0-10%,12.165493701472611
>30%,-170.0
0%,28.148082822085897
>30%,-26.666666666666668
>30%,-128.8562901421776
>0-10%,30.905157493942543
0%,25.165973951806087
0%,2.0
0%,27.0
>10-20%,33.75
0%,47.0
0%,24.782711416857754
>10-20%,27.500000000000004
>0-10%,30.26714502920857
>10-20%,33.75
0%,46.0
0%,34.0
>20-30%,0.8559145769861732
>20-30%,-8.620603844360506
>0-10%,29.058616366117196
0%,29.000000000000004
>30%,-67.5
>10-20%,10.0
>30%,-73.33333333333334
>10-20%,8.75
>10-20%,6.248067209566024
0%,47.0
0%,46.0
>30%,16.325640507538218
>10-20%,28.231266927475176
0%,38.45762071246338
>10-20%,18.095952023988005
>0-10%,28.155148855119872
>10-20%,-10.0
>30%,-70.0
>0-10%,3.2993401319736058
>0-10%,22.57601091963829
>30%,-54.99999999999999
>10-20%,5.254218489451864
>10-20%,35.0
0%,44.99999999999999
>30%,-4.541168208074241
0%,36.7559044306115
0%,45.0
>30%,-142.7011167170296
>10-20%,10.572560875960125
>0-10%,40.10916505816879
>30%,-175.0
>30%,-9.732013647861638
0%,46.0
0%,29.000000000000004
>10-20%,6.25
>30%,25.43211022249327
>0-10%,5.852866469696233
>0-10%,9.891780287174953
0%,28.024508469037627
0%,48.51266408845798
0%,25.079754601226995
0%,10.000000000000002
>0-10%,-6.677594942665769
>10-20%,6.25
>30%,-77.84169807577861
>0-10%,1.1111111111111112
0%,24.094859158113668
>30%,-160.0
>0-10%,36.78569994361573
>20-30%,-12.857142857142856
>30%,-80.0
>30%,-66.66666666666666
0%,46.0
>10-20%,-19.03570238293618
0%,30.15508208173245
0%,21.0
>10-20%,6.25
>10-20%,11.039012769128977
>10-20%,28.269084549878343
>10-20%,15.000000000000002
0%,47.0
0%,6.947368421052631
0%,26.06579173503781
0%,5.0
>10-20%,36.25
0%,33.83371620427638
0%,26.0
>10-20%,11.25
0%,37.6525650218369
>10-20%,36.25
>0-10%,7.583892617449665
>10-20%,11.250000000000002
>10-20%,35.0
0%,49.0
0%,26.999999999999996
0%,48.00000000000001
>10-20%,35.0
0%,26.0
>10-20%,6.644074494619699
0%,27.0
0%,38.646601941747576
0%,42.0
>10-20%,36.25
>10-20%,25.0
0%,48.00000000000001
>0-10%,21.26253477388885
0%,24.0
>0-10%,9.207719809420457
>30%,14.753174086722751
0%,28.34275687268474
>0-10%,7.194249011165948
>10-20%,35.0
0%,31.89475941633185
>10-20%,-2.5
>30%,-149.99999999999997
0%,2.0
>30%,-57.27788904784613
>10-20%,13.679708647437202
0%,28.000000000000004
>10-20%,33.75
>10-20%,33.75
>10-20%,31.25
>30%,-23.607863952965392
>10-20%,-5.6528164116828945
0%,45.0
>30%,-14.678889537460412
0%,29.321004914242888
0%,15.0
0%,8.0
0%,28.000000000000004
>20-30%,-14.285714285714283
>30%,-160.0
>30%,-80.0
0%,42.0
0%,29.000000000000004
0%,49.0
>30%,11.764021586497426
>10-20%,-2.159030006150422
0%,25.0
0%,39.43433674003279
>10-20%,36.25
0%,35.862560679611654
0%,29.000000000000004
>10-20%,-8.185078082988555
>30%,-3.8779725692298865
>10-20%,32.49999999999999
>0-10%,16.75605474603605
0%,23.902713033749766
0%,49.10465116279069
>30%,12.822937526788786
0%,48.0
>0-10%,18.665012510425356
0%,23.968446300419508
0%,45.0
0%,9.0
>10-20%,35.0
>20-30%,-27.484010871174668
0%,30.0
>10-20%,12.5
>0-10%,46.65418860866186
0%,24.973299427844882
>30%,3.820442270457556
>20-30%,-7.142857142857142
>10-20%,36.25
>10-20%,29.446456491206373
>30%,-13.560541806974967
0%,43.84485905495842
0%,31.0
0%,24.815736381977135
0%,44.34819379002054
>30%,-76.66666666666666
0%,25.0
0%,27.999999999999996
>10-20%,15.800406568248206
>30%,-27.347530476949423
0%,41.364541062801926
>10-20%,35.0
>10-20%,35.0
>30%,-4.08436686571735
>10-20%,10.0
0%,44.99999999999999
>10-20%,20.0
0%,19.06351155595562
0%,34.89920821741921
0%,48.0
>0-10%,25.618173909356578
0%,44.99999999999999
>10-20%,31.25
0%,17.0
0%,16.000000000000004
>0-10%,31.170923133247552
>0-10%,34.53414122582149
0%,49.0
>0-10%,34.58541165424565
0%,19.530289218529877
0%,30.77576711250984
>10-20%,-5.882352941176471
>10-20%,-12.5
0%,29.000000000000004
>10-20%,6.25
>10-20%,13.789927788439647
>10-20%,10.0
>0-10%,32.01581800905483
>10-20%,-11.25
>10-20%,-8.75
>10-20%,35.0
>10-20%,10.0
0%,11.0
>20-30%,9.177120283779425
0%,21.000000000000004
>0-10%,26.094170336193812
>10-20%,6.25
>10-20%,-6.145940014630579
0%,41.0
>30%,-160.0
>20-30%,-8.410971179849899
>10-20%,20.0
>10-20%,35.0
>10-20%,31.423258958755913
>0-10%,22.304893064323938
>30%,-26.491220089163857
>0-10%,17.41389318885449
>0-10%,15.414690067972
0%,47.00777604976671
>0-10%,27.51409733488795
>10-20%,12.23888582079249
0%,20.0530285971628
0%,30.0
>0-10%,40.905475768152435
>10-20%,7.692022843462763
>10-20%,16.249999999999996
0%,46.70277875483644
0%,41.68145519077196
0%,41.0
0%,50.0
>0-10%,8.826190941038655
0%,30.0
0%,16.33296284534773
0%,48.0
>30%,-75.1707238259371
>10-20%,35.0
>10-20%,33.17455439459127
>30%,-34.81812215371895
>10-20%,36.25
0%,40.0
0%,49.0
0%,50.0
0%,16.457560549858176
0%,26.0
>0-10%,10.44264943457189
>10-20%,11.249999999999998
>20-30%,12.084110301180992
0%,44.177426992896606
>30%,-54.240712578752984
>30%,30.335890585843302
0%,36.0
>10-20%,8.75
>10-20%,33.75
0%,23.240961308055542
>10-20%,7.5
>0-10%,29.56680571868292
>30%,10.836608994397846
0%,45.00000000000001
>10-20%,20.0
>10-20%,15.294117647058822
0%,5.0
>10-20%,-2.5
>10-20%,31.25
0%,27.38166790032075
>0-10%,8.627129021485027
0%,49.0
>10-20%,32.5
>20-30%,4.322513848185389
>20-30%,3.0747249165477166
0%,26.0
>30%,-66.66666666666667
>10-20%,12.5
>30%,-97.5
0%,21.0
0%,48.0
>30%,-73.33333333333333
0%,36.58775510204081
0%,47.0
>0-10%,-3.047172131507523
>0-10%,17.77777777777778
0%,15.0
0%,28.071092781126524
>30%,-80.0
>20-30%,34.14124134599903
0%,44.00000000000001
0%,31.812738853503188
>10-20%,21.25
>10-20%,-16.25
>10-20%,-7.774164810690423
0%,45.0
>30%,-165.0
>10-20%,21.78791439095643
>30%,-80.0
>30%,-93.33333333333333
>30%,-70.50624490678375
0%,4.0
0%,48.0
>10-20%,6.25
0%,25.60465427608826
>10-20%,8.75
>10-20%,32.74985038898863
>30%,-79.34334334334335
0%,48.00000000000001
>10-20%,9.723527389410954
>30%,10.308175580722494
>10-20%,12.252106391942093
>30%,-68.0
0%,42.0
>30%,-19.690605073867385
>30%,-4.035748132649701
>10-20%,-10.699087289663463
>0-10%,35.144490921520685
0%,44.0
0%,29.96006519967401
0%,43.07290314969919
>30%,-26.212254574047343
>30%,-42.07900538673092
>20-30%,-30.0
>10-20%,33.75
>0-10%,34.68299245880057
>30%,0.5149938083603877
>30%,-21.260756301769593
0%,48.99999999999999
>10-20%,12.359293193717278
>10-20%,33.75
0%,46.79985310319501
>30%,6.028303675314391
>30%,10.138888888888888
>10-20%,6.25
0%,11.888330490110194
0%,49.00000000000001
0%,48.099443519208016
0%,26.0
>10-20%,32.09651652119701
0%,27.0
0%,39.0
>10-20%,30.000000000000004
>30%,-64.42497880757276
>10-20%,10.0
>10-20%,21.25
0%,7.000000000000001
>30%,-2.637903134680615
0%,26.999999999999996
>30%,-7.439512515681941
>0-10%,30.046550302856534
>30%,-20.295342880776552
>0-10%,28.266987829614603
>30%,-7.71836799491983
0%,46.99999999999999
>30%,13.544559026793568
>30%,-25.66744067814944
>10-20%,32.5
>10-20%,11.249999999999998
>30%,-66.66666666666666
>0-10%,35.04811901990854
0%,2.0
>10-20%,-20.0
>10-20%,32.5
0%,49.0
>10-20%,20.0
>10-20%,6.315477757304554
>30%,-250.0
0%,47.191957511380885
>30%,-1.1429785425961339
>30%,-25.0
>10-20%,35.0
0%,48.0
>30%,5.2379012094160355
>10-20%,7.9617141496363
0%,33.0
>30%,-93.87814943527367
>10-20%,17.662889147457935
0%,40.87658378836877
>10-20%,35.0
>0-10%,35.81726608030467
0%,47.0
>10-20%,36.25
0%,28.999999999999996
>10-20%,33.40502793296089
>0-10%,27.51408102217378
0%,47.99999999999999
0%,34.228934817170106
0%,27.69129205629252
0%,26.0
>10-20%,16.25
0%,16.43909312957976
>10-20%,32.5
0%,30.0
0%,46.3388429752066
0%,28.688586105713636
0%,16.547904191616766
>20-30%,34.93890332385527
0%,24.0
>10-20%,32.5
0%,48.99999999999999
>10-20%,36.25000000000001
>10-20%,15.0
>20-30%,-18.265359159327833
0%,0.0
>10-20%,35.0
0%,28.000000000000004
>0-10%,31.96422407029656
0%,15.0
>20-30%,-0.17845286323264817
>10-20%,18.580240441741804
>30%,-66.0
0%,41.694234129295275
>30%,-160.0
>10-20%,-11.25
>20-30%,-17.785148529135945
>30%,-177.71292338046695
>10-20%,29.176546282488015
0%,37.0
>10-20%,35.0
>10-20%,9.873949579831933
>10-20%,32.5
>20-30%,-7.873821096436327
0%,48.06746370623398
0%,49.00000000000001
0%,4.473644446272512
>0-10%,24.90958795168746
>10-20%,12.5
>10-20%,35.0
>30%,-73.33333333333333
>30%,-5.101855431001159
>30%,-16.153440182217164
0%,26.0
>10-20%,21.250000000000004
>0-10%,11.585612009330921
0%,20.74767288419701
0%,21.000000000000004
0%,37.958437240232755
0%,29.000000000000004
>10-20%,31.250000000000007
0%,11.811827956989248
>30%,27.76291903666949
>10-20%,31.25
0%,9.341738162289607
>30%,-80.0
0%,28.190242643262774
>30%,-128.9182091045523
0%,37.47576313594662
>20-30%,-20.029347153824414
0%,45.00000000000001
>20-30%,6.9620910116585195
>10-20%,35.0
>0-10%,30.253136811901644
0%,48.0
0%,22.000000000000004
0%,37.0
>0-10%,17.491940040549075
>10-20%,10.0
>0-10%,34.545328580246135
0%,42.0
>20-30%,-7.142857142857142
>30%,-13.18253220232485
>0-10%,3.9747092664039663
>30%,-65.81464201531091
>10-20%,12.5
0%,26.0
>30%,-170.0
0%,28.000473709142586
>30%,-89.84759195285511
>30%,-16.281579656625166
>10-20%,-25.0
>30%,-90.76794805168595
0%,28.96570524094266
>10-20%,11.25
>0-10%,9.360980910607672
>10-20%,26.25
0%,38.73618663392387
>30%,23.877277351336357
>0-10%,7.02647581391857
>10-20%,0.09264458169567659
0%,30.708988589401304
>10-20%,6.375718830294873
>30%,-137.39275346458294
0%,47.0
>20-30%,20.059627116861257
>30%,-17.484230569499744
0%,38.0
0%,46.0
>10-20%,5.0
0%,11.000000000000002
>30%,-34.403063773103185
>10-20%,2.5
>10-20%,33.75
>20-30%,-10.0
0%,48.02041104597783
>0-10%,36.04527612344342
>30%,-150.0
>10-20%,32.5
>30%,-83.33333333333334
>10-20%,35.0
0%,48.37386018237082
>30%,-44.46579036063363
>0-10%,44.60842861513706
>20-30%,30.7580679061359
>10-20%,10.423066224845202
>10-20%,11.25
>10-20%,8.26265108013424
>30%,7.06430568499534
>20-30%,4.515799840992963
>30%,12.228307406878837
0%,43.00103815208928
0%,28.999999999999996
>10-20%,14.30430657536507
>20-30%,8.95749429313814
>30%,-170.0
>0-10%,23.187780031143998
0%,35.98139515350048
>20-30%,-29.85908200270323
0%,25.862399585384814
0%,26.201842578080203
0%,32.00352844811292
0%,42.96582365003418
>10-20%,28.629613946274112
0%,41.09361069836553
>10-20%,1.1764705882352944
>10-20%,12.5
0%,47.78597013427687
>0-10%,29.802484472049684
>0-10%,24.506356522399777
0%,27.55162671505428
>30%,-82.56511163633863
>10-20%,11.057421737601125
>30%,14.035062103027862
0%,5.0
>10-20%,21.250000000000004
>20-30%,-13.114338763775754
>0-10%,33.034591437885275
>0-10%,27.95361254947908
0%,13.0
>10-20%,1.8594009475432254
>0-10%,45.85532006920416
>0-10%,7.690925500943827
>10-20%,10.046386353434086
>10-20%,10.0
0%,24.015929311071535
0%,49.0
>0-10%,31.12317361848012
>10-20%,10.414473684210526
>20-30%,-9.333093201260692
>0-10%,29.187106488613967
0%,48.99999999999999
>0-10%,12.222222222222223
0%,37.54996934396076
>10-20%,11.102744291605925
0%,47.99999999999999
0%,47.0
0%,43.99999999999999
>10-20%,33.75
>10-20%,11.25
0%,29.765237002577482
>10-20%,-20.0
>10-20%,-6.437563960429815
>30%,-17.256917468475468
>0-10%,18.568893054208488
0%,47.0
>30%,31.688398865562434
>30%,-17.722421252738993
>10-20%,8.75
>0-10%,19.77493929536812
>20-30%,-7.195617448018507
>30%,-125.00000000000003
>10-20%,36.25000000000001
0%,26.0
0%,26.0
>10-20%,6.37095598950743
0%,11.0
0%,30.2211351580424
>10-20%,8.75
>30%,13.333333333333334
0%,43.85957460711602
0%,28.18202256663903
>10-20%,12.727122015915118
>30%,-150.0
0%,50.0
>20-30%,-12.721652900989088
>10-20%,32.49999999999999
>30%,-73.99999999999999
>10-20%,10.95591444783937
0%,49.0
>30%,-39.79672650475185
0%,30.0
>10-20%,6.25
0%,30.000000000000004
>0-10%,12.059494826536822
>0-10%,23.454227564036493
0%,40.47461368653422
0%,27.0
>20-30%,-17.835288259378114
>10-20%,-2.5
>30%,-107.02553303500922
